date,start_equity,equity_after_exits,end_equity,cash,realized_pnl,exit_cash_flow,entry_costs_paid,gross_entry_notional,positions_entered,open_positions_end,gross_exposure_end,capital_utilization,daily_return
2024-10-01,1000000.0,1000000.0,999394.54125,345644.54125000007,0.0,0.0,605.45875,653750.0,4,4,653750.0,0.65375,-0.0006054587499999542
2024-11-11,999394.54125,1067536.6734500001,1067536.6734500001,1067536.6734500001,67536.67345,721892.1322000001,0.0,0.0,0,0,0.0,0.0,0.06818341444488074
2024-11-12,1067536.6734500001,1067536.6734500001,1067380.17525,895580.1752500001,0.0,0.0,156.4982,171800.0,1,1,171800.0,0.16093123943441418,-0.00014659749298751024
2024-11-13,1067380.17525,1074880.40525,1074708.32405,885908.32405,7343.7318,179300.22999999998,172.08120000000002,188800.0,1,1,188800.0,0.1756474479187181,0.006865547037430586
2024-11-14,1074708.32405,1083337.89225,1083337.89225,1083337.89225,8457.487,197429.56819999998,0.0,0.0,0,0,0.0,0.0,0.008029683968092671
2024-11-19,1083337.89225,1083337.89225,1083173.18285,902573.18285,0.0,0.0,164.70940000000002,180600.0,1,1,180600.0,0.16670699076620432,-0.00015203880633951616
2024-11-20,1083173.18285,1091834.72285,1091640.06005,874440.06005,8496.8306,189261.54,194.6628,217200.0,1,1,217200.0,0.19893120767678651,0.007816734511209233
2024-11-21,1091640.06005,1088401.9548499999,1087900.0341999996,531050.0341999998,-3432.768,213961.8948,501.9206500000001,556850.0,3,3,556850.0,0.5116216463215957,-0.0034260613794523387
2024-11-22,1087900.0341999996,1090959.7187999997,1090786.9573999997,899686.9573999997,2557.7639499999705,559909.6846,172.7614,191100.0,1,1,191100.0,0.17516687069821452,0.0026536658785225598
2024-11-25,1090786.9573999997,1093877.8098499996,1093702.4915999996,899452.4915999996,2918.09105,194190.85244999998,175.31825,194250.0,1,1,194250.0,0.17757924902657726,0.0026728722599960175
2024-11-26,1093702.4915999996,1095685.0760999997,1095511.9564999999,905111.9564999997,1807.2662500000001,196232.5845,173.11960000000002,190400.0,1,1,190400.0,0.1737725594271239,0.0016544397712334735
2024-11-27,1095511.9564999999,1102541.1246999998,1102230.7729999998,758930.7729999998,6856.0486,197429.1682,310.35170000000005,343300.0,2,2,343300.0,0.31137160538425407,0.006133038037727578
2024-11-28,1102230.7729999998,1107767.0681999996,1107767.0681999996,1107767.0681999996,5225.943499999999,348836.2952,0.0,0.0,0,0,0.0,0.0,0.005022809501980641
2024-11-29,1107767.0681999996,1107767.0681999996,1107579.4606999997,902579.4606999996,0.0,0.0,187.60750000000002,205000.0,1,1,205000.0,0.1850569545573354,-0.00016935645171756164
2024-12-02,1107579.4606999997,1119981.8164499996,1119981.8164499996,1119981.8164499996,12214.74825,217402.35575,0.0,0.0,0,0,0.0,0.0,0.011197711938574217
2024-12-04,1119981.8164499996,1119981.8164499996,1119293.6042499996,361493.6042499996,0.0,0.0,688.2121999999999,757800.0,4,4,757800.0,0.6766181279638938,-0.0006144851549299002
2024-12-05,1119293.6042499996,1144037.4998499998,1143866.5100499997,953666.5100499998,24055.68340000003,782543.8956,170.9898,190200.0,1,1,190200.0,0.16625329154414784,0.021953941045223413
2024-12-06,1143866.5100499997,1143124.9202499997,1143124.9202499997,1143124.9202499997,-912.5796,189458.41019999998,0.0,0.0,0,0,0.0,0.0,-0.0006483184825190058
2024-12-19,1143124.9202499997,1143124.9202499997,1142935.9090499997,934135.9090499997,0.0,0.0,189.01120000000003,208800.0,1,1,208800.0,0.1826572024642204,-0.00016534605855567097
2024-12-20,1142935.9090499997,1147302.8230499998,1147302.8230499998,1147302.8230499998,4177.9028,213166.914,0.0,0.0,0,0,0.0,0.0,0.003820786419800104
2024-12-23,1147302.8230499998,1147302.8230499998,1146969.1564499997,778569.1564499998,0.0,0.0,333.6666,368400.0,2,2,368400.0,0.3211009269729174,-0.0002908269667750707
2024-12-24,1146969.1564499997,1155396.6397499999,1155240.09405,980940.0940499998,8093.8167,376827.4833,156.5457,174300.0,1,1,174300.0,0.150857284852165,0.0072111246876069846
2024-12-25,1155240.09405,1153962.6877499998,1153423.8916999998,556973.8916999998,-1433.952,173022.5937,538.7960500000002,596450.0,3,3,596450.0,0.516871131390704,-0.00157214276006723
2024-12-26,1153423.8916999998,1161410.5659999996,1161205.0674999997,934705.0674999997,7447.878249999971,604436.6743,205.4985,226500.0,1,1,226500.0,0.1950214735690635,0.00674615451959415
2024-12-27,1161205.0674999997,1167794.5764999997,1167794.5764999997,1167794.5764999997,6384.0105,233089.509,0.0,0.0,0,0,0.0,0.0,0.0056747160208203695
2024-12-31,1167794.5764999997,1167794.5764999997,1167620.1843999997,974720.1843999997,0.0,0.0,174.39210000000003,192900.0,1,1,192900.0,0.16518316138968644,-0.00014933456920374066
2025-01-02,1167620.1843999997,1170753.8361999998,1170753.8361999998,1170753.8361999998,2959.259699999971,196033.6518,0.0,0.0,0,0,0.0,0.0,0.002683793790024591
2025-01-08,1170753.8361999998,1170753.8361999998,1170611.2846,1012211.2845999998,0.0,0.0,142.5516,158400.0,1,1,158400.0,0.13529744264099985,-0.00012176052351242639
2025-01-09,1170611.2846,1170591.4935999997,1170591.4935999997,1170591.4935999997,-162.34260000000006,158380.209,0.0,0.0,0,0,0.0,0.0,-1.69065515261968e-05
2025-01-10,1170591.4935999997,1170591.4935999997,1170235.0410999996,772735.0410999997,0.0,0.0,356.4525,397500.0,2,2,397500.0,0.33957191913085,-0.0003045063132176562
2025-01-13,1170235.0410999996,1165098.3249999997,1165098.3249999997,1165098.3249999997,-5493.168599999971,392363.28390000004,0.0,0.0,0,0,0.0,0.0,-0.004389473840376024
2025-01-14,1165098.3249999997,1165098.3249999997,1164900.7817499996,945650.7817499997,0.0,0.0,197.54325,219250.0,1,1,219250.0,0.18818154253204342,-0.00016955071152480183
2025-01-15,1164900.7817499996,1165789.5402499996,1165613.8130499995,972813.8130499996,691.21525,220138.7585,175.7272,192800.0,1,1,192800.0,0.16538148039881598,0.0006120961640430078
2025-01-16,1165613.8130499995,1174427.0554499996,1174232.4674499996,962232.4674499996,8637.5152,201613.2424,194.58800000000002,212000.0,1,1,212000.0,0.18051355255841664,0.0073940908245142545
2025-01-17,1174232.4674499996,1189347.4954499996,1189347.4954499996,1189347.4954499996,14920.44,227115.028,0.0,0.0,0,0,0.0,0.0,0.012872262025614312
2025-01-22,1189347.4954499996,1189347.4954499996,1189163.3971499996,982463.3971499995,0.0,0.0,184.09830000000002,206700.00000000003,1,1,206700.00000000003,0.17379277359287948,-0.00015478932835377712
2025-02-03,1189163.3971499996,1181482.6519499994,1181482.6519499994,1181482.6519499994,-7864.843500000058,199019.25479999997,0.0,0.0,0,0,0.0,0.0,-0.006458948550222998
2025-02-05,1181482.6519499994,1181482.6519499994,1181275.3329499993,950275.3329499994,0.0,0.0,207.31900000000002,231000.0,1,1,231000.0,0.19551704768473907,-0.00017547358791769607
2025-02-06,1181275.3329499993,1178979.7725499994,1178572.3798499994,726272.3798499994,-2502.879400000029,228704.43959999998,407.3927,452300.0,2,2,452300.0,0.3836367769242779,-0.0022881651928257085
2025-02-07,1178572.3798499994,1179897.5502499994,1179191.5754499994,398991.5754499994,917.7777000000287,453625.1704,705.9748,780200.0,4,4,780200.0,0.6612438510739254,0.0005253776607923033
2025-02-10,1179191.5754499994,1194382.7989499993,1194175.1875499992,965575.1875499992,14485.24870000003,795391.2235,207.6114,228600.0,1,1,228600.0,0.19139592449000928,0.012706681774148354
2025-02-11,1194175.1875499992,1201653.2245499992,1201450.3480499992,977950.3480499992,7270.4256000000005,236078.037,202.87650000000002,223500.0,1,1,223500.0,0.1859937587931804,0.006092205378112059
2025-02-12,1201450.3480499992,1208350.4593499992,1208350.4593499992,1208350.4593499992,6697.234799999971,230400.11129999996,0.0,0.0,0,0,0.0,0.0,0.005743151442919814
2025-02-17,1208350.4593499992,1208350.4593499992,1208191.544949999,1032591.5449499992,0.0,0.0,158.9144,175600.0,1,1,175600.0,0.14532207824413743,-0.00013151350154294583
2025-02-18,1208191.544949999,1211691.5547499992,1211534.2595499991,1036734.2595499991,3341.0954,179100.0098,157.29520000000002,174800.0,1,1,174800.0,0.1442611358598314,0.0027667091480418904
2025-02-19,1211534.2595499991,1211450.524949999,1211105.895849999,830205.895849999,-241.02980000000014,174716.2654,344.6291,380900.0,2,2,380900.0,0.3144164719526793,-0.00035357126438939623
2025-02-20,1211105.895849999,1218388.655549999,1218388.655549999,1218388.655549999,6938.1306000000295,388182.75970000005,0.0,0.0,0,0,0.0,0.0,0.006013313720092839
2025-02-21,1218388.655549999,1218388.655549999,1217810.9278499992,575510.9278499992,0.0,0.0,577.7277000000001,642300.0,3,3,642300.0,0.5271716845640327,-0.0004741735712724404
2025-02-24,1217810.9278499992,1216502.2213499993,1215932.3650499992,592232.3650499992,-1886.4342000000293,640991.2935,569.8562999999999,623700.0,3,3,623700.0,0.5126994337156706,-0.001542573446369433
2025-02-25,1215932.3650499992,1249967.005349999,1249967.005349999,1249967.005349999,33464.78399999997,657734.6403,0.0,0.0,0,0,0.0,0.0,0.027990570263832337
2025-03-04,1249967.005349999,1249967.005349999,1249574.0062499992,813674.006249999,0.0,0.0,392.99910000000006,435900.0,2,2,435900.0,0.34872920495845017,-0.000314407579014353
2025-03-05,1249574.0062499992,1252358.011649999,1252142.309249999,1014542.3092499991,2391.0063,438684.00539999997,215.7024,237600.0,1,1,237600.0,0.18972210645018248,0.0020553428505665217
2025-03-06,1252142.309249999,1259585.255249999,1259430.567649999,1087030.567649999,7227.2436,245042.946,154.68760000000003,172400.0,1,1,172400.0,0.13687044944471227,0.005820631046614455
2025-03-07,1259430.567649999,1257562.758849999,1257562.758849999,1257562.758849999,-2022.4964,170532.1912,0.0,0.0,0,0,0.0,0.0,-0.0014830581756366534
2025-03-10,1257562.758849999,1257562.758849999,1257344.691249999,1014944.691249999,0.0,0.0,218.06760000000003,242400.0,1,1,242400.0,0.1927537995969816,-0.00017340494417894536
2025-03-11,1257344.691249999,1256997.384249999,1256997.384249999,1256997.384249999,-565.3746000000001,242052.693,0.0,0.0,0,0,0.0,0.0,-0.00027622258432158375
2025-03-12,1256997.384249999,1256997.384249999,1256820.959049999,1062020.959049999,0.0,0.0,176.42520000000002,194800.0,1,1,194800.0,0.15497247841627732,-0.00014035446868110313
2025-03-13,1256820.959049999,1261242.459049999,1261242.459049999,1261242.459049999,4245.0748,199221.5,0.0,0.0,0,0,0.0,0.0,0.0035180030760644243
2025-03-17,1261242.459049999,1261242.459049999,1260438.808299999,373688.808299999,0.0,0.0,803.6507500000001,886750.0,4,4,886750.0,0.7030765525194287,-0.0006371897363852685
2025-03-18,1260438.808299999,1282737.043399999,1282359.292199999,863559.292199999,21494.58434999997,909048.2351,377.75120000000004,418800.0,2,2,418800.0,0.32648936284707,0.0173911527919115
2025-03-19,1282359.292199999,1285708.1459999988,1285334.9132999987,873034.9132999989,2971.1026,422148.85380000004,373.2327,412300.0,2,2,412300.0,0.3206793091283723,0.002320426980253476
2025-03-20,1285334.9132999987,1293989.7708999987,1293989.7708999987,1293989.7708999987,8281.624900000028,420954.8576,0.0,0.0,0,0,0.0,0.0,0.0067335427602905895
2025-03-21,1293989.7708999987,1293989.7708999987,1293383.5994999986,624783.5994999987,0.0,0.0,606.1714,668600.0,3,3,668600.0,0.5166965110821345,-0.00046845146200691357
2025-03-24,1293383.5994999986,1311102.2884999986,1310069.3557999989,172769.35579999877,17112.51760000003,686318.689,1032.9327,1137300.0,5,5,1137300.0,0.867438040475971,0.012900856564479923
2025-03-25,1310069.3557999989,1347481.7650999988,1347254.3420999988,1095254.3420999988,36379.476599999995,1174712.4093,227.423,252000.0,1,1,252000.0,0.1870155177805309,0.02838398298179623
2025-03-26,1347254.3420999988,1349759.0225999989,1349528.397799999,1094328.397799999,2277.2574999999997,254504.6805,230.62480000000002,255200.0,1,1,255200.0,0.18907078650855483,0.0016879186274920688
2025-03-27,1349528.397799999,1353315.857799999,1353315.857799999,1353315.857799999,3556.8352,258987.46000000002,0.0,0.0,0,0,0.0,0.0,0.0028065063367130882
2025-03-28,1353315.857799999,1353315.857799999,1352833.418599999,822033.418599999,0.0,0.0,482.4392,530800.0,2,2,530800.0,0.3922218135113619,-0.0003564867707854802
2025-03-31,1352833.418599999,1371687.200399999,1371687.200399999,1371687.200399999,18371.3426,549653.7818,0.0,0.0,0,0,0.0,0.0,0.013936513942353068
2025-04-01,1371687.200399999,1371687.200399999,1371442.866899999,1104942.866899999,0.0,0.0,244.33350000000002,266500.0,1,1,266500.0,0.19428627745617635,-0.0001781262520555993
2025-04-02,1371442.866899999,1389334.4523999991,1389124.8546499992,1149374.8546499992,17647.252,284391.5855,209.59775000000002,239750.0,1,1,239750.0,0.17256464027494964,0.0128929816740877
2025-04-07,1389124.8546499992,1364526.7331499993,1364526.7331499993,1364526.7331499993,-24807.719250000002,215151.8785,0.0,0.0,0,0,0.0,0.0,-0.017707639034503897
2025-04-11,1364526.7331499993,1364526.7331499993,1364281.7531499993,1094281.7531499993,0.0,0.0,244.98000000000002,270000.0,1,1,270000.0,0.19787080270439783,-0.00017953477498711123
2025-04-14,1364281.7531499993,1372196.1821499993,1372196.1821499993,1372196.1821499993,7669.4490000000005,277914.429,0.0,0.0,0,0,0.0,0.0,0.005801168990002381
2025-04-16,1372196.1821499993,1372196.1821499993,1371971.3273499992,1121771.3273499992,0.0,0.0,224.8548,250200.00000000003,1,1,250200.00000000003,0.18233544390713793,-0.0001638649071649123
2025-04-17,1371971.3273499992,1370696.892249999,1370696.892249999,1370696.892249999,-1499.289900000029,248925.5649,0.0,0.0,0,0,0.0,0.0,-0.0009289079695723457
2025-04-18,1370696.892249999,1370696.892249999,1370453.4178499992,1104853.4178499992,0.0,0.0,243.4744,265600.0,1,1,265600.0,0.19377004609970158,-0.0001776281841570082
2025-04-21,1370453.4178499992,1388149.2422499992,1388149.2422499992,1388149.2422499992,17452.35,283295.8244,0.0,0.0,0,0,0.0,0.0,0.012912386637527362
2025-04-22,1388149.2422499992,1388149.2422499992,1387950.7172499993,1162950.7172499993,0.0,0.0,198.525,225000.0,1,1,225000.0,0.16208631835241716,-0.0001430141615595959
2025-04-23,1387950.7172499993,1372128.1772499993,1371665.9592499994,864665.9592499994,-16021.065,209177.46,462.218,507000.0,2,2,507000.0,0.3694990077502253,-0.011732951175864148
2025-04-24,1371665.9592499994,1395295.3869499995,1395295.3869499995,1395295.3869499995,23167.20970000003,530629.4277,0.0,0.0,0,0,0.0,0.0,0.017226809151785094
2025-04-25,1395295.3869499995,1395295.3869499995,1395055.6494499994,1132555.6494499994,0.0,0.0,239.7375,262500.0,1,1,262500.0,0.1881322065959118,-0.0001718184566811276
2025-04-28,1395055.6494499994,1408977.4269499995,1408519.1864499997,899019.1864499997,13682.04,276421.7775,458.2405,509500.0,2,2,509500.0,0.36160976766172187,0.009650896009279819
2025-04-29,1408519.1864499997,1407329.7267499997,1407108.1515499996,1162308.1515499996,-1647.7002,508310.54030000005,221.5752,244799.99999999997,1,1,244799.99999999997,0.17394644293155517,-0.0010017860697776326
2025-04-30,1407108.1515499996,1412131.7823499995,1411890.9223499997,1146890.9223499997,4802.0556,249823.63079999998,240.86,265000.0,1,1,265000.0,0.1876595395077081,0.0033990072438507823
2025-05-02,1411890.9223499997,1421319.3728499997,1420448.9859999996,459798.9859999997,9187.5905,274428.4505,870.3868500000001,960650.0,4,4,960650.0,0.6758860945332257,0.006061419840957427
2025-05-05,1420448.9859999996,1443654.7061999997,1443654.7061999997,1443654.7061999997,22335.33335,983855.7201999999,0.0,0.0,0,0,0.0,0.0,0.016336890961038852
2025-05-06,1443654.7061999997,1443654.7061999997,1443234.0517999998,982634.0517999998,0.0,0.0,420.6544,460600.0,2,2,460600.0,0.31905136181240684,-0.0002913815874345804
2025-05-07,1443234.0517999998,1467642.2036999997,1467642.2036999997,1467642.2036999997,23987.497500000027,485008.15190000006,0.0,0.0,0,0,0.0,0.0,0.016912123068020923
2025-05-14,1467642.2036999997,1467642.2036999997,1467382.2272999997,1178782.2272999997,0.0,0.0,259.9764,288600.0,1,1,288600.0,0.1966419330763485,-0.00017713881444991753
2025-05-15,1467382.2272999997,1468349.3129999996,1468349.3129999996,1468349.3129999996,707.1092999999998,289567.0857,0.0,0.0,0,0,0.0,0.0,0.0006590550723646338
2025-05-16,1468349.3129999996,1468349.3129999996,1468127.7998999995,1221227.7998999995,0.0,0.0,221.5131,246900.0,1,1,246900.0,0.168147999807727,-0.00015085858524188644
2025-05-19,1468127.7998999995,1465371.7049999996,1465371.7049999996,1465371.7049999996,-2977.608,244143.9051,0.0,0.0,0,0,0.0,0.0,-0.0018772854108393133
2025-05-20,1465371.7049999996,1465371.7049999996,1465146.1337999997,1216346.1337999997,0.0,0.0,225.5712,248800.0,1,1,248800.0,0.1697862727600572,-0.0001539344585610447
2025-05-21,1465146.1337999997,1471748.3301999997,1471748.3301999997,1471748.3301999997,6376.625199999971,255402.19639999996,0.0,0.0,0,0,0.0,0.0,0.004506169212538991
2025-05-22,1471748.3301999997,1471748.3301999997,1471496.1375999998,1191596.1375999998,0.0,0.0,252.19260000000003,279900.0,1,1,279900.0,0.19018197218675537,-0.00017135579149296642
2025-05-23,1471496.1375999998,1472646.5972499996,1472148.4780499996,921348.4780499996,898.2670499999999,281050.45965,498.11920000000003,550800.0,2,2,550800.0,0.3740204887096174,0.0004433178132996485
2025-05-26,1472148.4780499996,1481757.8506499995,1481281.5251499997,956781.5251499997,9111.2534,560409.3726000001,476.32550000000003,524500.0,2,2,524500.0,0.3539714669100074,0.006203889917474781
2025-05-27,1481281.5251499997,1498366.4388499998,1498366.4388499998,1498366.4388499998,16608.588200000027,541584.9137,0.0,0.0,0,0,0.0,0.0,0.011533873480444656
2025-06-04,1498366.4388499998,1498366.4388499998,1498121.0993499998,1225121.0993499998,0.0,0.0,245.3395,273000.0,1,1,273000.0,0.18219842150864526,-0.0001637379840062625
2025-06-05,1498121.0993499998,1496707.9494999999,1496241.4477999997,977941.4477999998,-1658.48935,271586.85015,466.5017,518300.0,2,2,518300.0,0.34629334344963336,-0.0012546726368219963
2025-06-06,1496241.4477999997,1496412.5683,1496174.9626,1231874.9626,-295.3812000000007,518471.12049999996,237.6057,264300.0,1,1,264300.0,0.1766224138976981,-4.4434807027649015e-05
2025-06-09,1496174.9626,1495144.4568999999,1494903.8845,1227303.8845,-1268.1114,263269.49429999996,240.57240000000002,267600.0,1,1,267600.0,0.17897936133531608,-0.0008495517782166617
2025-06-10,1494903.8845,1493860.5121,1493637.649,1246737.649,-1283.9448000000002,266556.6276,222.86310000000003,246900.0,1,1,246900.0,0.16527647528009118,-0.0008470347245257415
2025-06-11,1493637.649,1496261.8495,1495772.3424999998,952772.3424999998,2401.3374,249524.2005,489.50700000000006,543000.0,2,2,543000.0,0.3629043941616584,0.0014291910099004657
2025-06-12,1495772.3424999998,1499035.4808999998,1498544.7321999997,952244.7321999997,2773.6313999999707,546263.1383999999,490.74870000000004,546300.0,2,2,546300.0,0.3644343359184595,0.0018534837295935969
2025-06-13,1498544.7321999997,1494920.1819999996,1494920.1819999996,1494920.1819999996,-4115.2989,542675.4498,0.0,0.0,0,0,0.0,0.0,-0.0024187133838033947
2025-06-16,1494920.1819999996,1494920.1819999996,1494415.4922999996,939115.4922999997,0.0,0.0,504.6897,555300.0,2,2,555300.0,0.3714579592183204,-0.0003376031082307218
2025-06-17,1494415.4922999996,1514070.4644999998,1513594.4497499997,990844.4497499997,19150.2825,574954.9722,476.01475000000005,522750.0,2,2,522750.0,0.34526134169893524,0.012833751757004741
2025-06-18,1513594.4497499997,1535717.7592499997,1535717.7592499997,1535717.7592499997,21647.29475,544873.3095,0.0,0.0,0,0,0.0,0.0,0.01461640501103445
2025-06-23,1535717.7592499997,1535717.7592499997,1535473.9186499997,1266073.9186499997,0.0,0.0,243.8406,269400.0,1,1,269400.0,0.1754228590360036,-0.00015877956644783087
2025-06-24,1535473.9186499997,1540999.4446499997,1540999.4446499997,1540999.4446499997,5281.6854,274925.526,0.0,0.0,0,0,0.0,0.0,0.003598580173122201
2025-06-25,1540999.4446499997,1540999.4446499997,1540742.8963499996,1259042.8963499996,0.0,0.0,256.54830000000004,281700.0,1,1,281700.0,0.18280344031141507,-0.00016648176019196104
2025-06-26,1540742.8963499996,1552796.3812499996,1552562.7445499997,1294262.7445499997,11796.9366,293753.4849,233.6367,258299.99999999997,1,1,258299.99999999997,0.16634505535881575,0.00767152535831972
2025-06-27,1552562.7445499997,1557234.8335499996,1556751.5122499997,1023051.5122499997,4438.452300000029,262972.089,483.32130000000006,533700.0,2,2,533700.0,0.3427228755109041,0.0026979699949027935
2025-06-30,1556751.5122499997,1568719.1650499995,1568472.5206499994,1297872.5206499994,11484.3315,545667.6527999999,246.64440000000002,270600.0,1,1,270600.0,0.17249741446957795,0.007529145343857069
2025-07-01,1568472.5206499994,1580868.1897499994,1580868.1897499994,1580868.1897499994,12149.0247,282995.6691,0.0,0.0,0,0,0.0,0.0,0.00790301961736839
2025-07-09,1580868.1897499994,1580868.1897499994,1580317.7202499995,974817.7202499995,0.0,0.0,550.4695,605500.0,3,3,605500.0,0.38301738495715737,-0.000348207082392471
2025-07-10,1580317.7202499995,1602367.4752499997,1602116.6916499997,1325716.6916499997,21499.285499999998,627549.755,250.7836,276400.0,1,1,276400.0,0.17249476432169616,0.01379404351458624
2025-07-11,1602116.6916499997,1610205.4372499997,1610205.4372499997,1610205.4372499997,7837.9619999999995,284488.7456,0.0,0.0,0,0,0.0,0.0,0.005048786796965077
2025-07-14,1610205.4372499997,1610205.4372499997,1609694.5706499997,1041294.5706499997,0.0,0.0,510.86660000000006,568400.0,2,2,568400.0,0.3529984353864472,-0.00031726796356656983
2025-07-15,1609694.5706499997,1606980.2035499997,1606980.2035499997,1606980.2035499997,-3225.2336999999998,565685.6329,0.0,0.0,0,0,0.0,0.0,-0.001686262195010002
2025-07-16,1606980.2035499997,1606980.2035499997,1606747.8850499997,1350247.8850499997,0.0,0.0,232.3185,256500.0,1,1,256500.0,0.1596161542210431,-0.00014456836461762546
2025-07-17,1606747.8850499997,1612622.6134499996,1612328.6348499996,1290728.6348499996,5642.4099,262374.7284,293.97860000000003,321600.0,2,2,321600.0,0.19942669618899736,0.003473320146817116
2025-07-18,1612328.6348499996,1614657.7993999994,1614657.7993999994,1614657.7993999994,2035.18595,323929.16455,0.0,0.0,0,0,0.0,0.0,0.0014445966533469523
2025-07-30,1614657.7993999994,1614657.7993999994,1614160.7856499995,1065410.7856499995,0.0,0.0,497.01375,548750.0,3,3,548750.0,0.3398552933035801,-0.0003078136743182025
2025-07-31,1614160.7856499995,1626717.3866499995,1626717.3866499995,1626717.3866499995,12059.58725,561306.601,0.0,0.0,0,0,0.0,0.0,0.007779027412652573
2025-08-01,1626717.3866499995,1626717.3866499995,1626427.6486499996,1306177.6486499996,0.0,0.0,289.738,320250.0,2,2,320250.0,0.19686886156636635,-0.00017811206935991475
2025-08-04,1626427.6486499996,1625525.9909499995,1624710.8507499998,726410.8507499998,-1191.3957,319348.34229999996,815.1402,898300.0,5,5,898300.0,0.5526211238708094,-0.0010555636467597385
2025-08-05,1624710.8507499998,1640834.0497499998,1640834.0497499998,1640834.0497499998,15308.058799999999,914423.199,0.0,0.0,0,0,0.0,0.0,0.009923734424840625
2025-08-08,1640834.0497499998,1640834.0497499998,1640554.7106499998,1339554.7106499998,0.0,0.0,279.33910000000003,301000.0,2,2,301000.0,0.18344329217562305,-0.00017024213999128346
2025-08-11,1640554.7106499998,1642362.2942499998,1642362.2942499998,1642362.2942499998,1528.2444999999998,302807.5836,0.0,0.0,0,0,0.0,0.0,0.001101812446891115
2025-08-14,1642362.2942499998,1642362.2942499998,1642108.4757499998,1360608.4757499998,0.0,0.0,253.81850000000003,281500.0,1,1,281500.0,0.1713994536927369,-0.00015454476816023632
2025-08-15,1642108.4757499998,1643999.9602499998,1643999.9602499998,1643999.9602499998,1637.666,283391.4845,0.0,0.0,0,0,0.0,0.0,0.0011518633074079077
2025-08-19,1643999.9602499998,1643999.9602499998,1643541.0090499998,1140641.0090499998,0.0,0.0,458.9512000000001,502900.0,3,3,502900.0,0.3059002507053133,-0.00027916740334366086
2025-08-20,1643541.0090499998,1643367.3992499998,1642864.6363499998,1090764.6363499998,-632.5610000000001,502726.39019999997,502.76290000000006,552100.0,2,2,552100.0,0.3359565245434268,-0.0004115338140487923
2025-08-21,1642864.6363499998,1666318.2191499998,1666050.4661499998,1369050.4661499998,22950.8199,575553.5828,267.75300000000004,297000.0,1,1,297000.0,0.178237263799169,0.014113049418065682
2025-08-22,1666050.4661499998,1667881.5161499998,1667881.5161499998,1667881.5161499998,1563.297,298831.05,0.0,0.0,0,0,0.0,0.0,0.0010990363360547928
2025-08-26,1667881.5161499998,1667881.5161499998,1667615.7846499998,1374115.7846499998,0.0,0.0,265.7315,293500.0,1,1,293500.0,0.1759717324990154,-0.0001593227680904974
2025-08-27,1667615.7846499998,1673944.0606499999,1673944.0606499999,1673944.0606499999,6062.5445,299828.276,0.0,0.0,0,0,0.0,0.0,0.0037948045696438726
2025-08-28,1673944.0606499999,1673944.0606499999,1673698.75185,1402498.75185,0.0,0.0,245.30880000000002,271200.0,1,1,271200.0,0.1620125823647248,-0.00014654539883773854
2025-08-29,1673698.75185,1678619.44905,1678344.8020499998,1375344.8020499998,4675.3884,276120.69720000005,274.647,303000.0,2,2,303000.0,0.1805054744072459,0.002775917825632801
2025-09-01,1678344.8020499998,1686130.56405,1686130.56405,1686130.56405,7511.115,310785.76200000005,0.0,0.0,0,0,0.0,0.0,0.0046389526100298895
2025-09-05,1686130.56405,1686130.56405,1685628.57585,1128828.57585,0.0,0.0,501.98820000000006,556800.0,2,2,556800.0,0.33022353776838886,-0.0002977160907363663
2025-09-08,1685628.57585,1689136.81335,1689136.81335,1689136.81335,3006.2493000000004,560308.2375,0.0,0.0,0,0,0.0,0.0,0.002081263660489885
2025-09-18,1689136.81335,1689136.81335,1688839.99345,1359139.99345,0.0,0.0,296.8199,329700.0,2,2,329700.0,0.19518845211011576,-0.00017572282934930072
2025-09-19,1688839.99345,1684414.60085,1684414.60085,1684414.60085,-4722.2125,325274.6074,0.0,0.0,0,0,0.0,0.0,-0.0026203741130973457
2025-09-26,1684414.60085,1684414.60085,1684119.09905,1355919.09905,0.0,0.0,295.5018,328200.0,2,2,328200.0,0.19484514075951467,-0.00017543293667177107
2025-09-30,1684119.09905,1684632.87905,1684632.87905,1684632.87905,218.27819999999997,328713.78,0.0,0.0,0,0,0.0,0.0,0.0003050734358929219
2025-10-03,1684632.87905,1684632.87905,1684362.83135,1387062.83135,0.0,0.0,270.0477,297300.0,1,1,297300.0,0.176477619365742,-0.00016030062297744951
2025-10-07,1684362.83135,1694263.1547500002,1694263.1547500002,1694263.1547500002,9630.2757,307200.3234,0.0,0.0,0,0,0.0,0.0,0.005877785484060594
2025-10-08,1694263.1547500002,1694263.1547500002,1694003.5407500002,1408003.5407500002,0.0,0.0,259.61400000000003,286000.0,1,1,286000.0,0.1688049457949767,-0.00015323121397770034
2025-10-09,1694003.5407500002,1702851.93675,1702851.93675,1702851.93675,8588.782,294848.396,0.0,0.0,0,0,0.0,0.0,0.005223363344377896
2025-10-13,1702851.93675,1702851.93675,1702558.97995,1379358.97995,0.0,0.0,292.95680000000004,323200.0,2,2,323200.0,0.18979923798709564,-0.0001720389152325419
2025-10-14,1702558.97995,1710863.79275,1710863.79275,1710863.79275,8011.856,331504.8128,0.0,0.0,0,0,0.0,0.0,0.00487784147145609
2025-10-15,1710863.79275,1710863.79275,1710603.85425,1424103.85425,0.0,0.0,259.93850000000003,286500.0,1,1,286500.0,0.16745926894594398,-0.00015193407043945228
2025-10-16,1710603.85425,1718952.12525,1718641.7038,1377441.7038,8088.3325,294848.271,310.42145000000005,341200.0,2,2,341200.0,0.19849302082824252,0.004698837507018272
2025-10-17,1718641.7038,1720098.3048,1719798.7262000002,1391498.7262000002,1146.1795499999998,342656.601,299.57860000000005,328300.0,2,2,328300.0,0.1908611845519912,0.0006732190877491995
2025-10-20,1719798.7262000002,1731072.1384,1730800.4864,1432800.4864,10973.8336,339573.4122,271.65200000000004,298000.0,1,1,298000.0,0.17214764964990784,0.006397120798146583
2025-10-21,1730800.4864,1744583.8494000002,1744048.8418,1141648.8418,13511.711,311783.363,535.0076000000001,602400.0,3,3,602400.0,0.3452972467945168,0.007654467111663399
2025-10-22,1744048.8418,1715595.6880000003,1715318.1202000002,1409418.1202000002,-28988.16140000003,573946.8462,277.56780000000003,305900.0,2,2,305900.0,0.17830541434655317,-0.0164735762619741
2025-10-23,1715318.1202000002,1714122.8524000002,1713851.7835000001,1417751.7835000001,-1472.8356,304704.73219999997,271.06890000000004,296100.0,1,1,296100.0,0.17274141091195452,-0.0008548482539373348
2025-10-27,1713851.7835000001,1732126.1341000001,1731359.8745000002,880959.8745000002,18003.2817,314374.3506,766.2596000000001,850400.0,4,4,850400.0,0.49095731728674685,0.010215638930132664
2025-10-28,1731359.8745000002,1735018.6219000001,1734730.9081000001,1418530.9081000001,2892.487799999942,854058.7474,287.7138,316200.0,2,2,316200.0,0.1822458825564263,0.0019470438524362699
2025-10-29,1734730.9081000001,1747247.6881,1746666.4725000001,1102266.4725000001,12229.066200000001,328716.78,581.2156,644400.0,3,3,644400.0,0.36880861505144497,0.006880354955497214
2025-10-30,1746666.4725000001,1751726.2245,1751726.2245,1751726.2245,4478.5364,649459.752,0.0,0.0,0,0,0.0,0.0,0.0028968049021733666
2025-11-05,1751726.2245,1751726.2245,1751429.9535,1422429.9535,0.0,0.0,296.271,329000.0,2,2,329000.0,0.1878147369141016,-0.000169130881216617
2025-11-06,1751429.9535,1752139.8845,1752139.8845,1752139.8845,413.65999999999985,329709.931,0.0,0.0,0,0,0.0,0.0,0.0004053436442497116
2025-11-07,1752139.8845,1752139.8845,1751829.1524999999,1408829.1524999999,0.0,0.0,310.73199999999997,343000.0,2,2,343000.0,0.1957606256408462,-0.00017734428783278133
2025-11-10,1751829.1524999999,1759957.13,1759384.9852,1132584.9852,7817.2455,351127.97750000004,572.1448,626800.0,3,3,626800.0,0.3561450386010255,0.004313110493233463
2025-11-11,1759384.9852,1777861.5601499998,1777284.96515,1139034.96515,17904.43015,645276.57495,576.5949999999999,638250.0,4,4,638250.0,0.35899870625818037,0.010173998357707603
2025-11-12,1777284.96515,1779029.3140500004,1778401.9153500001,1082101.9153500001,1167.7538999999997,639994.3489000001,627.3987,696300.0,4,4,696300.0,0.39139321342314326,0.0006284587007159281
2025-11-13,1778401.9153500001,1781366.2423500004,1781366.2423500004,1781366.2423500004,2336.9283,699264.3269999999,0.0,0.0,0,0,0.0,0.0,0.0016668487446027669
2025-11-14,1781366.2423500004,1781366.2423500004,1781074.4133500003,1460074.4133500003,0.0,0.0,291.82900000000006,321000.0,2,2,321000.0,0.18019876674912894,-0.00016382313365004286
2025-11-17,1781074.4133500003,1792775.3973500002,1792489.2918500004,1472989.2918500004,11409.155,332700.98400000005,286.1055,319500.0,2,2,319500.0,0.17821529705967099,0.006408984607515711
2025-11-18,1792489.2918500004,1786759.9818500003,1786759.9818500003,1786759.9818500003,-6015.4155,313770.69,0.0,0.0,0,0,0.0,0.0,-0.003196286876607779
2025-11-19,1786759.9818500003,1786759.9818500003,1786472.9256500003,1472672.9256500003,0.0,0.0,287.0562,313800.0,2,2,313800.0,0.1756251556938797,-0.00016065739266379886
2025-11-20,1786472.9256500003,1804977.1692500003,1804977.1692500003,1804977.1692500003,18217.1874,332304.2436,0.0,0.0,0,0,0.0,0.0,0.010357975950442855
2025-11-21,1804977.1692500003,1804977.1692500003,1804426.57205,1206626.57205,0.0,0.0,550.5971999999999,597800.0,3,3,597800.0,0.3311953248962126,-0.00030504385838237
2025-11-24,1804426.57205,1854603.44755,1854298.0229500001,1518898.0229500001,49626.278300000005,647976.8755000001,305.42460000000005,335400.0,2,2,335400.0,0.18084728594841978,0.027638393089800983
2025-11-25,1854298.0229500001,1868533.3739500002,1868195.46415,1497995.46415,13929.9264,349635.35099999997,337.9098,370200.0,2,2,370200.0,0.19812330095951827,0.007494718231910946
2025-11-26,1868195.46415,1887077.61475,1886762.20975,1541762.20975,18544.240799999985,389082.15059999994,315.40500000000003,345000.0,2,2,345000.0,0.18282236899180515,0.00993833137714395
2025-11-27,1886762.20975,1906340.42575,1906340.42575,1906340.42575,19262.811,364578.216,0.0,0.0,0,0,0.0,0.0,0.01037662080511681
2025-12-01,1906340.42575,1906340.42575,1906021.32875,1553021.32875,0.0,0.0,319.097,353000.0,2,2,353000.0,0.18517154398649516,-0.0001673872072844862
2025-12-02,1906021.32875,1911619.4387500002,1911030.4808500004,1265130.4808500004,5279.013,358598.11,588.9579000000001,645900.0,4,4,645900.0,0.3378810588065328,0.0026280671808041056
2025-12-03,1911030.4808500004,1923552.9768500004,1923234.8773500004,1572734.8773500004,11933.5381,658422.496,318.09950000000003,350500.0,2,2,350500.0,0.1822148930745733,0.006386290863645394
2025-12-04,1923234.8773500004,1933824.4898500005,1933507.9519500004,1581407.9519500004,10271.512999999999,361089.6125,316.53790000000004,352100.0,2,2,352100.0,0.18207443428711106,0.005341560056437267
2025-12-05,1933507.9519500004,1932135.1140500002,1931824.4176500002,1588224.4176500002,-1689.3758000000003,350727.1621,310.69640000000004,343600.0,2,2,343600.0,0.17783435407877393,-0.0008707149604956221
2025-12-08,1931824.4176500002,1937658.44845,1937658.44845,1937658.44845,5523.334399999971,349434.0308,0.0,0.0,0,0,0.0,0.0,0.003019959136398409
2025-12-09,1937658.44845,1937658.44845,1937020.5352500002,1230220.5352500002,0.0,0.0,637.9132,706800.0,4,4,706800.0,0.3647701691520473,-0.00032921859913448426
2025-12-10,1937020.5352500002,1944228.2320500002,1944228.2320500002,1944228.2320500002,6569.783600000001,714007.6968,0.0,0.0,0,0,0.0,0.0,0.0037210223995223224
2025-12-16,1944228.2320500002,1944228.2320500002,1943878.1554500002,1560478.1554500002,0.0,0.0,350.07660000000004,383400.0,2,2,383400.0,0.19719907039707055,-0.00018005941598275843
2025-12-17,1943878.1554500002,1963904.4604500001,1963564.3384500002,1585564.3384500002,19676.2284,403426.305,340.122,378000.0,2,2,378000.0,0.19247372141177724,0.010127272095118878
2025-12-18,1963564.3384500002,1963286.1376500002,1962965.11485,1605765.11485,-618.3228000000003,377721.7992,321.0228,357200.0,2,2,357200.0,0.18193985744103436,-0.00030517136019747593
2025-12-19,1962965.11485,1961173.85165,1961173.85165,1961173.85165,-2112.286,355408.73679999996,0.0,0.0,0,0,0.0,0.0,-0.0009125293090788134
2025-12-22,1961173.85165,1961173.85165,1960839.1241000001,1595889.1241000001,0.0,0.0,334.72755000000006,364950.0,2,2,364950.0,0.18608753104318393,-0.00017067714303775627
2025-12-23,1960839.1241000001,1985869.3031000001,1984966.4066000003,981466.4066000003,24695.45145,389980.17899999995,902.8965000000001,1003500.0,5,5,1003500.0,0.5053202637421844,0.012304570121770775
2025-12-24,1984966.4066000003,1984042.8131000004,1984042.8131000004,1984042.8131000004,-1826.4900000000016,1002576.4064999998,0.0,0.0,0,0,0.0,0.0,-0.0004652942724516773
2025-12-29,1984042.8131000004,1984042.8131000004,1983731.8187000004,1638131.8187000004,0.0,0.0,310.99440000000004,345600.0,2,2,345600.0,0.17418978951367062,-0.00015674782718733127
2025-12-30,1983731.8187000004,1983579.9455000004,1982877.9956500004,1210227.9956500004,-462.8676,345448.1268,701.9498500000001,772650.0,4,4,772650.0,0.38952299439851334,-0.0004304125396140668
2025-12-31,1982877.9956500004,2009108.3351500004,2008789.8755500005,1658389.8755500005,25528.38965,798880.3395,318.4596,350400.0,2,2,350400.0,0.17440572709277974,0.013067813530053263
2026-01-02,2008789.8755500005,2021173.3097500005,2020247.5176500003,1002347.5176500003,12064.974600000001,362783.4342,925.7921000000001,1017900.0,5,5,1017900.0,0.5036183661686608,0.005703753408684786
2026-01-05,2020247.5176500003,2058922.5483500003,2058590.84615,1690790.84615,37749.2386,1056575.0307,331.7022,367800.0,2,2,367800.0,0.1786371227488626,0.018979520165232966
2026-01-06,2058590.84615,2061341.4681500003,2061341.4681500003,2061341.4681500003,2418.9198,370550.62200000003,0.0,0.0,0,0,0.0,0.0,0.0013361674104130916
2026-01-07,2061341.4681500003,2061341.4681500003,2060982.8550500004,1664082.8550500004,0.0,0.0,358.61310000000003,396900.0,2,2,396900.0,0.1925445182821686,-0.00017397073970559784
2026-01-08,2060982.8550500004,2066609.0691500003,2065954.88385,1347754.88385,5267.601,402526.2141,654.1853000000001,718200.0,4,4,718200.0,0.3475258144954318,0.0024124551971971275
2026-01-09,2065954.88385,2094539.67855,2093572.27685,1025272.2768499999,27930.6094,746784.7947,967.4017000000001,1068300.0,5,5,1068300.0,0.5100404690063254,0.013367858715546355
2026-01-12,2093572.27685,2117304.8031499996,2116947.2067499994,1723347.2067499994,22765.1246,1092032.5263,357.5964,393600.0,2,2,393600.0,0.18589671142975042,0.011165093347132782
2026-01-13,2116947.2067499994,2130357.8253499996,2130003.8759499993,1739403.8759499996,13053.022200000001,407010.6185999999,353.9494,390600.0,2,2,390600.0,0.18334948023852649,0.006167687677032241
2026-01-14,2130003.8759499993,2139640.0577499997,2138727.3993499996,1132127.3993499998,9282.2324,400236.1818,912.6584,1006600.0,5,5,1006600.0,0.47045296069962317,0.004095543439379679
2026-01-15,2138727.3993499996,2165589.91185,2164643.82505,1121443.8250499999,25949.8541,1033462.5125,946.0868,1043200.0,5,5,1043200.0,0.48171631863062425,0.012117685361807684
2026-01-16,2164643.82505,2193455.9712499995,2193065.684749999,1767065.6847499993,27866.059400000046,1072012.1462,390.28650000000005,426000.0,2,2,426000.0,0.1942140647378632,0.013130039857408127
2026-01-19,2193065.684749999,2220547.977499999,2219845.0688999994,1443445.0688999991,27092.006250000002,453482.29275,702.9086000000001,776400.0,4,4,776400.0,0.34964342489645683,0.012210935739963125
2026-01-20,2219845.0688999994,2236445.9999999995,2235427.8895999994,1105827.8895999996,15898.0225,793000.9310999999,1018.1104000000001,1129600.0,5,5,1129600.0,0.5050870890689961,0.007019778505408025
2026-01-21,2235427.8895999994,2241385.6295999996,2241008.2212499995,1826858.2212499995,4939.629599999971,1135557.74,377.40835000000004,414150.0,2,2,414150.0,0.1847740944399245,0.0024963147663861207
2026-01-22,2241008.2212499995,2259669.1932499995,2259669.1932499995,2259669.1932499995,18283.56365,432810.972,0.0,0.0,0,0,0.0,0.0,0.008327043079561447
2026-01-23,2259669.1932499995,2259669.1932499995,2259317.2332499996,1869317.2332499996,0.0,0.0,351.96000000000004,390000.0,2,2,390000.0,0.17259163472467282,-0.00015575731219918953
2026-01-26,2259317.2332499996,2263176.9186499994,2262162.1247499995,1141062.1247499995,3507.7254000000003,393859.68539999996,1014.7939000000001,1121100.0,5,5,1121100.0,0.49536560344064656,0.0012591819591034614
2026-01-27,2262162.1247499995,2285389.8785499996,2284604.6175499996,1420604.6175499996,22212.95989999994,1144327.7538,785.2610000000001,864000.0,4,4,864000.0,0.3780536564501537,0.009920815380321413
2026-01-28,2284604.6175499996,2315211.45065,2314804.11505,1865404.1150500001,29821.5721,894606.8331,407.33560000000006,449400.0,2,2,449400.0,0.1941075403172484,0.01321869756719063
2026-01-29,2314804.11505,2326303.37275,2326303.37275,2326303.37275,11091.92209999997,460899.25769999996,0.0,0.0,0,0,0.0,0.0,0.004967702288602327
2026-01-30,2326303.37275,2326303.37275,2325592.99615,1542192.9961500003,0.0,0.0,710.3766,783400.0,4,4,783400.0,0.33675745355341036,-0.0003053671366861632
2026-02-02,2325592.99615,2346849.4839500003,2346849.4839500003,2346849.4839500003,20546.1112,804656.4878,0.0,0.0,0,0,0.0,0.0,0.00914024415931336
2026-02-03,2346849.4839500003,2346849.4839500003,2346426.72445,1880926.72445,0.0,0.0,422.75950000000006,465500.0,2,2,465500.0,0.19835102471783295,-0.00018013916226478077
2026-02-04,2346426.72445,2361649.34205,2361649.34205,2361649.34205,14799.858100000001,480722.6176,0.0,0.0,0,0,0.0,0.0,0.006487574251255568
2026-02-05,2361649.34205,2361649.34205,2360834.7222500006,1450634.7222500003,0.0,0.0,814.6198,910200.0,4,4,910200.0,0.3854086141382498,-0.0003449368140709952
2026-02-06,2360834.7222500006,2342739.1278500003,2342739.1278500003,2342739.1278500003,-18910.21419999997,892104.4055999999,0.0,0.0,0,0,0.0,0.0,-0.0076649136974544785
2026-02-24,2342739.1278500003,2342739.1278500003,2342341.4321000003,1900591.4321000003,0.0,0.0,397.69575,441750.0,2,2,441750.0,0.1885613275283479,-0.00016975673700592164
2026-02-25,2342341.4321000003,2342860.8386000004,2342482.4450000003,1926082.4450000005,121.71074999999996,442269.40650000004,378.3936,416400.0,2,2,416400.0,0.17773142695441696,6.02016845483444e-05
2026-02-26,2342482.4450000003,2356999.787600001,2356999.787600001,2356999.787600001,14138.949,430917.3426,0.0,0.0,0,0,0.0,0.0,0.006197417885025258
2026-03-02,2356999.787600001,2356999.787600001,2356008.920000001,1263608.9200000009,0.0,0.0,990.8676,1092400.0,5,5,1092400.0,0.4634705551298878,-0.0004203935890079169
2026-03-03,2356008.920000001,2386821.207600001,2386448.4231000007,1970948.4231000007,29821.42,1123212.2876000002,372.78450000000004,415500.0,2,2,415500.0,0.17408090672103338,0.012919943910908449
2026-03-04,2386448.4231000007,2381839.335600001,2381839.335600001,2381839.335600001,-4981.871999999971,410890.9125,0.0,0.0,0,0,0.0,0.0,-0.0019313585223068586
2026-03-12,2381839.335600001,2381839.335600001,2380784.700600001,1203284.700600001,0.0,0.0,1054.635,1177500.0,5,5,1177500.0,0.494365838367255,-0.00044278175451917257
2026-03-13,2380784.700600001,2360501.0998500013,2360501.0998500013,2360501.0998500013,-21338.23575,1157216.3992500002,0.0,0.0,0,0,0.0,0.0,-0.008519712322112905
2026-03-16,2360501.0998500013,2360501.0998500013,2359491.188650002,1250691.1886500015,0.0,0.0,1009.9112,1108800.0,5,5,1108800.0,0.4697307703311212,-0.0004278376316213528
2026-03-17,2359491.188650002,2407376.769850001,2406674.056050001,1640474.0560500012,46875.67,1156685.5812,702.7138,766200.0,4,4,766200.0,0.31827174275165093,0.01999705174868449
2026-03-18,2406674.056050001,2459083.7578500016,2457991.4777500015,1240591.4777500015,51706.98799999997,818609.7018,1092.2801000000002,1217400.0,5,5,1217400.0,0.495062437834319,0.0213229629375844
2026-03-19,2457991.4777500015,2444626.399000001,2444180.589900001,1955780.5899000012,-14457.358849999999,1204034.92125,445.80910000000006,488400.0,2,2,488400.0,0.19978512880323346,-0.0056187696234987206
2026-03-20,2444180.589900001,2469127.977750001,2468735.473050001,2028435.473050001,24501.57875,513347.38785000006,392.5047,440300.0,2,2,440300.0,0.17832206510463036,0.010046263869154082
2026-03-23,2468735.473050001,2453767.275050001,2452703.022350001,1285403.022350001,-15360.702700000002,425331.802,1064.2527,1167300.0,5,5,1167300.0,0.4757174862788133,-0.00649419545958585
2026-03-24,2452703.022350001,2507334.9690500004,2506893.5469000004,2026543.5469000004,53567.694,1221931.9467,441.42215000000004,480350.0,2,2,480350.0,0.19157791277565075,0.02209420547705676
2026-03-25,2506893.5469000004,2543230.7231,2543230.7231,2543230.7231,35895.75405,516687.1762,0.0,0.0,0,0,0.0,0.0,0.014494901965396156
2026-03-26,2543230.7231,2543230.7231,2542619.7647,1861019.7647,0.0,0.0,610.9584,681600.0,3,3,681600.0,0.2680055701628135,-0.00024022924638755772
2026-03-27,2542619.7647,2532788.4791,2532335.4538000003,2027635.4538,-10442.244,671768.7144,453.0253000000001,504700.0,2,2,504700.0,0.1992665412704893,-0.0040447695100856995
2026-03-30,2532335.4538000003,2527577.8457000004,2527577.8457000004,2527577.8457000004,-5210.6333999999715,499942.39189999993,0.0,0.0,0,0,0.0,0.0,-0.001878743233982183
