market,min_turnover_twd,min_volume_ratio_20d,market_regime_filter,ranking_method,momentum_cap,weak_sector_handling,strategy_name,family,config_hash,correlation_with_champion_daily_returns,combined_total_net_pnl,combined_final_equity,combined_total_return,combined_cagr_like,combined_max_drawdown_twd,combined_max_drawdown_pct,combined_daily_sharpe_like,combined_improves_cagr,combined_improves_drawdown,diversification_score,robust_score
BOTH,200000000.0,1.5,not_bear,fill_quality_score,none,avoid_healthcare_materials,focused_challenger_097dd332,closed_limit_up_with_market_regime_filter,98246d16f38c,0.46842553642678675,10932048.442854261,12932048.442854261,5.466024221427131,1.1401899758579117,-213674.0293989461,-0.0164778613504963,10.000732634896792,True,True,1.3118439009589138,9.515183680551601
BOTH,200000000.0,1.5,none,fill_quality_score,none,avoid_healthcare_materials,focused_challenger_d016be57,closed_limit_up_overnight,fc3c287e393f,0.4182646285210236,11438697.953425126,13438697.953425126,5.719348976712563,1.1739816258857978,-245184.53061186802,-0.048737034801359776,9.153915085703106,True,False,1.4229313861963264,8.712511162128065
BOTH,200000000.0,1.5,none,fill_quality_score,30_80,avoid_healthcare_materials,focused_challenger_8ad251d3,closed_limit_up_with_prior_momentum_filter,fbdd1a37a97c,0.4005568627359708,11256191.926092153,13256191.926092153,5.628095963046077,1.1618975316063964,-274714.12285257597,-0.05587147729988625,8.986211261319013,True,False,1.4164709634225765,8.517496288182139
TPEX,500000000.0,1.5,avoid_weak_day,volume_ratio_20d,30_80,avoid_healthcare_materials_semiconductor_cap_25,focused_challenger_2062c72f,closed_limit_up_with_market_regime_filter,509ab9fb5f46,0.8433735873589491,4953181.505489599,6953181.505489599,2.4765907527447997,0.6628193684633186,-102131.68184656743,-0.014639211638197848,8.319517015629645,False,True,0.16512178507747205,10.178023287718066
TPEX,500000000.0,2.0,avoid_weak_day,volume_ratio_20d,30_80,avoid_healthcare_materials_semiconductor_cap_25,focused_challenger_d097f6c6,closed_limit_up_with_market_regime_filter,da80d6a8120c,0.8433735873589491,4953181.505489599,6953181.505489599,2.4765907527447997,0.6628193684633186,-102131.68184656743,-0.014639211638197848,8.319517015629645,False,True,0.16512178507747205,10.178023287718066
TPEX,500000000.0,1.2,avoid_weak_day,volume_ratio_20d,30_80,avoid_healthcare_materials_semiconductor_cap_25,focused_challenger_40aab63b,closed_limit_up_with_market_regime_filter,8634fa3c72d1,0.8433735873589491,4953181.505489599,6953181.505489599,2.4765907527447997,0.6628193684633186,-102131.68184656743,-0.014639211638197848,8.319517015629645,False,True,0.16512178507747205,10.178023287718066
TPEX,500000000.0,3.0,avoid_weak_day,volume_ratio_20d,30_80,avoid_healthcare_materials_semiconductor_cap_25,focused_challenger_74f54ec6,closed_limit_up_with_market_regime_filter,8852236de912,0.6720960246043027,3856019.304690676,5856019.304690676,1.928009652345338,0.5502741289406474,-75083.3570530815,-0.012781726498463236,8.354863904186344,False,True,0.338256832971853,9.814556739010573
TPEX,500000000.0,1.2,avoid_weak_day,fill_quality_score,30_80,avoid_healthcare_materials_semiconductor_cap_25,focused_challenger_d3af8ee9,closed_limit_up_with_market_regime_filter,6af54be00525,0.8484033866340941,5000698.724677803,7000698.724677803,2.5003493623389015,0.6674474782030426,-102543.34524402022,-0.014597887260705164,8.309597662218524,False,True,0.16013331017981972,10.298562679443355
TPEX,500000000.0,1.5,avoid_weak_day,fill_quality_score,30_80,avoid_healthcare_materials_semiconductor_cap_25,focused_challenger_56adc4ce,closed_limit_up_with_market_regime_filter,0fdde05bbefc,0.8484033866340941,5000698.724677803,7000698.724677803,2.5003493623389015,0.6674474782030426,-102543.34524402022,-0.014597887260705164,8.309597662218524,False,True,0.16013331017981972,10.298562679443355
TPEX,500000000.0,2.0,avoid_weak_day,fill_quality_score,30_80,avoid_healthcare_materials_semiconductor_cap_25,focused_challenger_d5628716,closed_limit_up_with_market_regime_filter,00c923808fce,0.8484033866340941,5000698.724677803,7000698.724677803,2.5003493623389015,0.6674474782030426,-102543.34524402022,-0.014597887260705164,8.309597662218524,False,True,0.16013331017981972,10.298562679443355
TPEX,500000000.0,3.0,avoid_weak_day,fill_quality_score,30_80,avoid_healthcare_materials_semiconductor_cap_25,focused_challenger_30a998c4,closed_limit_up_with_market_regime_filter,d9d693f93a3e,0.6773689398365601,3869509.795955754,5869509.795955754,1.9347548979778768,0.5517306109425233,-75225.37482076325,-0.012776286083559777,8.35653996450514,False,True,0.3329893581544991,9.828742156765452
TPEX,500000000.0,3.0,none,volume_ratio_20d,30_80,avoid_healthcare_materials_semiconductor_cap_25,focused_challenger_47f75c14,closed_limit_up_with_prior_momentum_filter,81341ca525c5,0.7530889257922172,4462116.379131688,6462116.379131688,2.231058189565844,0.6138526847970394,-85508.69875328522,-0.013175771794221655,8.74677720725962,False,True,0.25686988648818015,10.006054364394704
TPEX,500000000.0,1.5,avoid_weak_day,day0_turnover_twd,30_80,avoid_healthcare_materials_semiconductor_cap_25,focused_challenger_d421d2ce,closed_limit_up_with_market_regime_filter,05e444ab24b5,0.842520760434054,4946552.036393914,6946552.036393914,2.473276018196957,0.6621721810861652,-102074.59218525141,-0.014645072408764807,8.266042952445636,False,True,0.1659687512318002,10.294019641531882
TPEX,500000000.0,2.0,avoid_weak_day,day0_turnover_twd,30_80,avoid_healthcare_materials_semiconductor_cap_25,focused_challenger_42e3e9d4,closed_limit_up_with_market_regime_filter,d72bbde12355,0.842520760434054,4946552.036393914,6946552.036393914,2.473276018196957,0.6621721810861652,-102074.59218525141,-0.014645072408764807,8.266042952445636,False,True,0.1659687512318002,10.294019641531882
TPEX,500000000.0,1.2,avoid_weak_day,day0_turnover_twd,30_80,avoid_healthcare_materials_semiconductor_cap_25,focused_challenger_00e55e53,closed_limit_up_with_market_regime_filter,492061c129a9,0.842520760434054,4946552.036393914,6946552.036393914,2.473276018196957,0.6621721810861652,-102074.59218525141,-0.014645072408764807,8.266042952445636,False,True,0.1659687512318002,10.294019641531882
TPEX,500000000.0,1.5,avoid_weak_day,composite_score,30_80,avoid_healthcare_materials_semiconductor_cap_25,focused_challenger_7b9bb145,closed_limit_up_with_market_regime_filter,e58c4f58a8ee,0.8429384352401588,4936587.7049159715,6936587.7049159715,2.4682938524579856,0.6611987470229703,-101988.42894306965,-0.014653850773843253,8.243159711230675,False,True,0.16554229806061696,10.233746991236936
TPEX,500000000.0,2.0,avoid_weak_day,composite_score,30_80,avoid_healthcare_materials_semiconductor_cap_25,focused_challenger_74a2cd13,closed_limit_up_with_market_regime_filter,829d40289f2a,0.8429384352401588,4936587.7049159715,6936587.7049159715,2.4682938524579856,0.6611987470229703,-101988.42894306965,-0.014653850773843253,8.243159711230675,False,True,0.16554229806061696,10.233746991236936
TPEX,500000000.0,1.2,avoid_weak_day,composite_score,30_80,avoid_healthcare_materials_semiconductor_cap_25,focused_challenger_771de1bf,closed_limit_up_with_market_regime_filter,40d9178d7829,0.8429384352401588,4936587.7049159715,6936587.7049159715,2.4682938524579856,0.6611987470229703,-101988.42894306965,-0.014653850773843253,8.243159711230675,False,True,0.16554229806061696,10.233746991236936
TPEX,500000000.0,3.0,none,fill_quality_score,30_80,avoid_healthcare_materials_semiconductor_cap_25,focused_challenger_b3d869f9,closed_limit_up_with_prior_momentum_filter,23916cb51c39,0.7660245178841945,4514596.741967852,6514596.741967852,2.2572983709839263,0.619188644539721,-86040.1559930006,-0.013150451654775306,8.740401853269066,False,True,0.2439596145356492,10.175505953519187
TPEX,500000000.0,3.0,not_bear,volume_ratio_20d,none,avoid_healthcare_materials_semiconductor_cap_25,focused_challenger_730eb165,closed_limit_up_with_market_regime_filter,0a81ff5e545a,0.6967164433614346,4188758.474098726,6188758.474098726,2.0943792370493632,0.5856354072977588,-82762.36391863413,-0.013318213525909903,8.728706230455613,False,True,0.31309992718727453,9.925676239887563
TPEX,500000000.0,3.0,not_bear,volume_ratio_20d,30_80,avoid_healthcare_materials_semiconductor_cap_25,focused_challenger_504788af,closed_limit_up_with_market_regime_filter,c06fddf755e4,0.6868063203547591,4088704.0123414267,6088704.012341427,2.044352006170713,0.5751231889121684,-81766.6601347588,-0.013375142622734827,8.704913666676637,False,True,0.3229531210971251,9.999660348153217
BOTH,500000000.0,1.5,avoid_weak_day,volume_ratio_20d,30_80,technology_industrials_only,focused_challenger_d6425731,closed_limit_up_with_market_regime_filter,4bae817d26d1,0.8620815081735841,5111305.706302102,7111305.706302102,2.555652853151051,0.6781489123946964,-99203.82504484989,-0.013910004595221938,7.964013396365539,False,True,0.14714307130581294,10.468419756416894
TPEX,500000000.0,1.2,avoid_weak_day,volume_ratio_20d,30_80,technology_industrials_only,focused_challenger_5518db04,closed_limit_up_with_market_regime_filter,8cde489b9c20,0.8620815081735841,5111305.706302102,7111305.706302102,2.555652853151051,0.6781489123946964,-99203.82504484989,-0.013910004595221938,7.964013396365539,False,True,0.14714307130581294,10.468419756416894
TPEX,500000000.0,2.0,avoid_weak_day,volume_ratio_20d,30_80,technology_industrials_only,focused_challenger_d3f538fd,closed_limit_up_with_market_regime_filter,1d758bb411ed,0.8620815081735841,5111305.706302102,7111305.706302102,2.555652853151051,0.6781489123946964,-99203.82504484989,-0.013910004595221938,7.964013396365539,False,True,0.14714307130581294,10.468419756416894
TPEX,500000000.0,1.5,avoid_weak_day,volume_ratio_20d,30_80,technology_industrials_only,focused_challenger_d2848a2a,closed_limit_up_with_market_regime_filter,de32ca578479,0.8620815081735841,5111305.706302102,7111305.706302102,2.555652853151051,0.6781489123946964,-99203.82504484989,-0.013910004595221938,7.964013396365539,False,True,0.14714307130581294,10.468419756416894
BOTH,500000000.0,2.0,avoid_weak_day,volume_ratio_20d,30_80,technology_industrials_only,focused_challenger_f20710ba,closed_limit_up_with_market_regime_filter,0e6567ba0fd7,0.8620815081735841,5111305.706302102,7111305.706302102,2.555652853151051,0.6781489123946964,-99203.82504484989,-0.013910004595221938,7.964013396365539,False,True,0.14714307130581294,10.468419756416894
BOTH,500000000.0,1.2,avoid_weak_day,volume_ratio_20d,30_80,technology_industrials_only,focused_challenger_57ec3527,closed_limit_up_with_market_regime_filter,3b2f85c9225e,0.8620815081735841,5111305.706302102,7111305.706302102,2.555652853151051,0.6781489123946964,-99203.82504484989,-0.013910004595221938,7.964013396365539,False,True,0.14714307130581294,10.468419756416894
BOTH,500000000.0,1.2,avoid_weak_day,fill_quality_score,30_80,technology_industrials_only,focused_challenger_b30de683,closed_limit_up_with_market_regime_filter,eb16b1e2e2fd,0.8627789142434664,5120502.295925452,7120502.295925452,2.560251147962726,0.6790342501952855,-99290.28564496618,-0.013904026466463687,7.953902308073136,False,True,0.14645164336468888,10.474521837827673
TPEX,500000000.0,2.0,avoid_weak_day,fill_quality_score,30_80,technology_industrials_only,focused_challenger_9abd6762,closed_limit_up_with_market_regime_filter,4fd5899d73d2,0.8627789142434664,5120502.295925452,7120502.295925452,2.560251147962726,0.6790342501952855,-99290.28564496618,-0.013904026466463687,7.953902308073136,False,True,0.14645164336468888,10.474521837827673
BOTH,500000000.0,2.0,avoid_weak_day,fill_quality_score,30_80,technology_industrials_only,focused_challenger_3ac2d6f7,closed_limit_up_with_market_regime_filter,0160062dd756,0.8627789142434664,5120502.295925452,7120502.295925452,2.560251147962726,0.6790342501952855,-99290.28564496618,-0.013904026466463687,7.953902308073136,False,True,0.14645164336468888,10.474521837827673
TPEX,500000000.0,1.2,avoid_weak_day,fill_quality_score,30_80,technology_industrials_only,focused_challenger_2641565e,closed_limit_up_with_market_regime_filter,bb379e6bc18d,0.8627789142434664,5120502.295925452,7120502.295925452,2.560251147962726,0.6790342501952855,-99290.28564496618,-0.013904026466463687,7.953902308073136,False,True,0.14645164336468888,10.474521837827673
TPEX,500000000.0,1.5,avoid_weak_day,fill_quality_score,30_80,technology_industrials_only,focused_challenger_88af88e4,closed_limit_up_with_market_regime_filter,7b44143b3a59,0.8627789142434664,5120502.295925452,7120502.295925452,2.560251147962726,0.6790342501952855,-99290.28564496618,-0.013904026466463687,7.953902308073136,False,True,0.14645164336468888,10.474521837827673
BOTH,500000000.0,1.5,avoid_weak_day,fill_quality_score,30_80,technology_industrials_only,focused_challenger_62f15ae8,closed_limit_up_with_market_regime_filter,2cb153e142fb,0.8627789142434664,5120502.295925452,7120502.295925452,2.560251147962726,0.6790342501952855,-99290.28564496618,-0.013904026466463687,7.953902308073136,False,True,0.14645164336468888,10.474521837827673
TPEX,500000000.0,1.5,avoid_weak_day,volume_ratio_20d,20_60,avoid_healthcare_materials_semiconductor_cap_25,focused_challenger_a87feccf,closed_limit_up_with_market_regime_filter,7e271276f5fb,0.7985968835150835,4415408.5671837805,6415408.5671837805,2.20770428359189,0.6090820364080214,-88887.28010042757,-0.01380925711685989,8.058580899379644,False,True,0.21072844344267558,9.619437645532997
TPEX,500000000.0,2.0,avoid_weak_day,volume_ratio_20d,20_60,avoid_healthcare_materials_semiconductor_cap_25,focused_challenger_3e75852c,closed_limit_up_with_market_regime_filter,44129ab5a1dd,0.7985968835150835,4415408.5671837805,6415408.5671837805,2.20770428359189,0.6090820364080214,-88887.28010042757,-0.01380925711685989,8.058580899379644,False,True,0.21072844344267558,9.619437645532997
TPEX,500000000.0,1.2,avoid_weak_day,volume_ratio_20d,20_60,avoid_healthcare_materials_semiconductor_cap_25,focused_challenger_3dcfe8ff,closed_limit_up_with_market_regime_filter,41f9c5d014b9,0.7985968835150835,4415408.5671837805,6415408.5671837805,2.20770428359189,0.6090820364080214,-88887.28010042757,-0.01380925711685989,8.058580899379644,False,True,0.21072844344267558,9.619437645532997
TPEX,500000000.0,2.0,avoid_weak_day,volume_ratio_20d,30_80,avoid_healthcare_materials,focused_challenger_fe5e8eea,closed_limit_up_with_market_regime_filter,7b24599e01dc,0.8623153799045493,5119501.947170516,7119501.947170516,2.559750973585258,0.6789379813843677,-103582.26656561252,-0.014498367541847,7.9701018801456485,False,True,0.14632083662822268,10.445421673948621
TPEX,500000000.0,1.2,avoid_weak_day,volume_ratio_20d,30_80,avoid_healthcare_materials,focused_challenger_302d57ae,closed_limit_up_with_market_regime_filter,d0b59e7230a0,0.8623153799045493,5119501.947170516,7119501.947170516,2.559750973585258,0.6789379813843677,-103582.26656561252,-0.014498367541847,7.9701018801456485,False,True,0.14632083662822268,10.445421673948621
TPEX,500000000.0,1.5,avoid_weak_day,volume_ratio_20d,30_80,avoid_healthcare_materials,focused_challenger_ae71d98c,closed_limit_up_with_market_regime_filter,e14c6edb839a,0.8623153799045493,5119501.947170516,7119501.947170516,2.559750973585258,0.6789379813843677,-103582.26656561252,-0.014498367541847,7.9701018801456485,False,True,0.14632083662822268,10.445421673948621
TPEX,500000000.0,2.0,avoid_weak_day,composite_score,30_80,technology_industrials_only,focused_challenger_5e42bb6a,closed_limit_up_with_market_regime_filter,19f3464f0ca9,0.8623327031149688,5093250.079138395,7093250.079138395,2.546625039569198,0.6764087588583427,-99034.17989067733,-0.013921801543715053,7.951777062465442,False,True,0.14688007941593514,10.421959847178742
BOTH,500000000.0,2.0,avoid_weak_day,day0_turnover_twd,30_80,technology_industrials_only,focused_challenger_044e5e98,closed_limit_up_with_market_regime_filter,5c558099658b,0.8614489777535422,5091075.2000710955,7091075.2000710955,2.545537600035548,0.6761989729243858,-99013.85676921904,-0.013923242601908357,7.955701948311655,False,True,0.1477623637191684,10.431337848175598
TPEX,500000000.0,2.0,avoid_weak_day,day0_turnover_twd,30_80,technology_industrials_only,focused_challenger_e3cec202,closed_limit_up_with_market_regime_filter,7a39ed7dc3c1,0.8614489777535422,5091075.2000710955,7091075.2000710955,2.545537600035548,0.6761989729243858,-99013.85676921904,-0.013923242601908357,7.955701948311655,False,True,0.1477623637191684,10.431337848175598
BOTH,500000000.0,1.5,avoid_weak_day,composite_score,30_80,technology_industrials_only,focused_challenger_439c0656,closed_limit_up_with_market_regime_filter,7cbaa484e9d0,0.8623327031149688,5093250.079138395,7093250.079138395,2.546625039569198,0.6764087588583427,-99034.17989067733,-0.013921801543715053,7.951777062465442,False,True,0.14688007941593514,10.421959847178742
BOTH,500000000.0,2.0,avoid_weak_day,composite_score,30_80,technology_industrials_only,focused_challenger_82aa5a95,closed_limit_up_with_market_regime_filter,e28577e8781a,0.8623327031149688,5093250.079138395,7093250.079138395,2.546625039569198,0.6764087588583427,-99034.17989067733,-0.013921801543715053,7.951777062465442,False,True,0.14688007941593514,10.421959847178742
TPEX,500000000.0,1.5,avoid_weak_day,composite_score,30_80,technology_industrials_only,focused_challenger_c2a6c30a,closed_limit_up_with_market_regime_filter,85455172043b,0.8623327031149688,5093250.079138395,7093250.079138395,2.546625039569198,0.6764087588583427,-99034.17989067733,-0.013921801543715053,7.951777062465442,False,True,0.14688007941593514,10.421959847178742
BOTH,500000000.0,1.2,avoid_weak_day,composite_score,30_80,technology_industrials_only,focused_challenger_247abc24,closed_limit_up_with_market_regime_filter,89a130a4d651,0.8623327031149688,5093250.079138395,7093250.079138395,2.546625039569198,0.6764087588583427,-99034.17989067733,-0.013921801543715053,7.951777062465442,False,True,0.14688007941593514,10.421959847178742
BOTH,500000000.0,1.2,avoid_weak_day,day0_turnover_twd,30_80,technology_industrials_only,focused_challenger_9afe3746,closed_limit_up_with_market_regime_filter,66d06ad94c3c,0.8614489777535422,5091075.2000710955,7091075.2000710955,2.545537600035548,0.6761989729243858,-99013.85676921904,-0.013923242601908357,7.955701948311655,False,True,0.1477623637191684,10.431337848175598
BOTH,500000000.0,1.5,avoid_weak_day,day0_turnover_twd,30_80,technology_industrials_only,focused_challenger_c04c8448,closed_limit_up_with_market_regime_filter,8aecb618749b,0.8614489777535422,5091075.2000710955,7091075.2000710955,2.545537600035548,0.6761989729243858,-99013.85676921904,-0.013923242601908357,7.955701948311655,False,True,0.1477623637191684,10.431337848175598
TPEX,500000000.0,1.5,avoid_weak_day,day0_turnover_twd,30_80,technology_industrials_only,focused_challenger_a1cf221c,closed_limit_up_with_market_regime_filter,3f3cf93c1589,0.8614489777535422,5091075.2000710955,7091075.2000710955,2.545537600035548,0.6761989729243858,-99013.85676921904,-0.013923242601908357,7.955701948311655,False,True,0.1477623637191684,10.431337848175598
TPEX,500000000.0,1.2,avoid_weak_day,day0_turnover_twd,30_80,technology_industrials_only,focused_challenger_abd0a91d,closed_limit_up_with_market_regime_filter,1c3777aac2d9,0.8614489777535422,5091075.2000710955,7091075.2000710955,2.545537600035548,0.6761989729243858,-99013.85676921904,-0.013923242601908357,7.955701948311655,False,True,0.1477623637191684,10.431337848175598
TPEX,500000000.0,1.2,avoid_weak_day,composite_score,30_80,technology_industrials_only,focused_challenger_63bbe275,closed_limit_up_with_market_regime_filter,aa613293614e,0.8623327031149688,5093250.079138395,7093250.079138395,2.546625039569198,0.6764087588583427,-99034.17989067733,-0.013921801543715053,7.951777062465442,False,True,0.14688007941593514,10.421959847178742
TPEX,500000000.0,1.2,avoid_weak_day,fill_quality_score,30_80,avoid_healthcare_materials,focused_challenger_61cfd3b6,closed_limit_up_with_market_regime_filter,5a94c158b10d,0.8630135764290566,5128687.91811743,7128687.91811743,2.564343959058715,0.679821694994931,-103663.10673413333,-0.0144908837619807,7.959969704865228,False,True,0.14563012388358165,10.451480395440344
TPEX,500000000.0,2.0,avoid_weak_day,fill_quality_score,30_80,avoid_healthcare_materials,focused_challenger_31249e63,closed_limit_up_with_market_regime_filter,66085819c365,0.8630135764290566,5128687.91811743,7128687.91811743,2.564343959058715,0.679821694994931,-103663.10673413333,-0.0144908837619807,7.959969704865228,False,True,0.14563012388358165,10.451480395440344
TPEX,500000000.0,1.5,avoid_weak_day,fill_quality_score,30_80,avoid_healthcare_materials,focused_challenger_09ec21e8,closed_limit_up_with_market_regime_filter,c9bf6b0b9116,0.8630135764290566,5128687.91811743,7128687.91811743,2.564343959058715,0.679821694994931,-103663.10673413333,-0.0144908837619807,7.959969704865228,False,True,0.14563012388358165,10.451480395440344
TPEX,500000000.0,1.5,avoid_weak_day,composite_score,30_80,avoid_healthcare_materials,focused_challenger_fcf8e273,closed_limit_up_with_market_regime_filter,6fcbe5459039,0.8625640129618178,5101467.218692554,7101467.218692554,2.550733609346277,0.6772010297016628,-103423.68235904817,-0.014513135287518441,7.957891450124556,False,True,0.14605743582528272,10.399615551781826
TPEX,500000000.0,1.2,avoid_weak_day,day0_turnover_twd,30_80,avoid_healthcare_materials,focused_challenger_1e50b05f,closed_limit_up_with_market_regime_filter,4e7b73d878a0,0.8616801955848739,5099294.913367058,7099294.913367058,2.549647456683529,0.6769916356159178,-103404.72149710916,-0.014514939209227386,7.961822122761306,False,True,0.14693944928051775,10.408607161628147
TPEX,500000000.0,1.5,avoid_weak_day,day0_turnover_twd,30_80,avoid_healthcare_materials,focused_challenger_be0655c2,closed_limit_up_with_market_regime_filter,0501af831e64,0.8616801955848739,5099294.913367058,7099294.913367058,2.549647456683529,0.6769916356159178,-103404.72149710916,-0.014514939209227386,7.961822122761306,False,True,0.14693944928051775,10.408607161628147
TPEX,500000000.0,2.0,avoid_weak_day,composite_score,30_80,avoid_healthcare_materials,focused_challenger_e44ec51a,closed_limit_up_with_market_regime_filter,639bcdd0f8e0,0.8625640129618178,5101467.218692554,7101467.218692554,2.550733609346277,0.6772010297016628,-103423.68235904817,-0.014513135287518441,7.957891450124556,False,True,0.14605743582528272,10.399615551781826
TPEX,500000000.0,2.0,avoid_weak_day,day0_turnover_twd,30_80,avoid_healthcare_materials,focused_challenger_6dde0f5d,closed_limit_up_with_market_regime_filter,6549eb5f6504,0.8616801955848739,5099294.913367058,7099294.913367058,2.549647456683529,0.6769916356159178,-103404.72149710916,-0.014514939209227386,7.961822122761306,False,True,0.14693944928051775,10.408607161628147
TPEX,500000000.0,1.2,avoid_weak_day,composite_score,30_80,avoid_healthcare_materials,focused_challenger_cb24d9ae,closed_limit_up_with_market_regime_filter,1d3f86890a12,0.8625640129618178,5101467.218692554,7101467.218692554,2.550733609346277,0.6772010297016628,-103423.68235904817,-0.014513135287518441,7.957891450124556,False,True,0.14605743582528272,10.399615551781826
TPEX,500000000.0,1.2,avoid_weak_day,volume_ratio_20d,none,avoid_healthcare_materials_semiconductor_cap_25,focused_challenger_a1f4fe0c,closed_limit_up_with_market_regime_filter,631e4c690e54,0.8682233157339913,5033830.7852663435,7033830.7852663435,2.5169153926331718,0.6706635017645299,-110944.81672311388,-0.01571909248559447,8.308007433436247,False,True,0.13919217585503327,9.635375609182178
TPEX,500000000.0,2.0,avoid_weak_day,volume_ratio_20d,none,avoid_healthcare_materials_semiconductor_cap_25,focused_challenger_5cd5ace4,closed_limit_up_with_market_regime_filter,abf411568c8a,0.8682233157339913,5033830.7852663435,7033830.7852663435,2.5169153926331718,0.6706635017645299,-110944.81672311388,-0.01571909248559447,8.308007433436247,False,True,0.13919217585503327,9.635375609182178
TPEX,500000000.0,1.5,avoid_weak_day,volume_ratio_20d,none,avoid_healthcare_materials_semiconductor_cap_25,focused_challenger_40198638,closed_limit_up_with_market_regime_filter,a4bcd54f0e23,0.8682233157339913,5033830.7852663435,7033830.7852663435,2.5169153926331718,0.6706635017645299,-110944.81672311388,-0.01571909248559447,8.308007433436247,False,True,0.13919217585503327,9.635375609182178
TPEX,500000000.0,3.0,not_bear,fill_quality_score,none,avoid_healthcare_materials_semiconductor_cap_25,focused_challenger_b286ad4f,closed_limit_up_with_market_regime_filter,248c52d884af,0.7077627991239088,4202219.857509028,6202219.857509028,2.1011099287545143,0.5870420291119176,-82896.22651669942,-0.013310678719946775,8.70964162862627,False,True,0.3020611062307634,9.908987212652656
TPEX,500000000.0,3.0,not_bear,fill_quality_score,30_80,avoid_healthcare_materials_semiconductor_cap_25,focused_challenger_9057f778,closed_limit_up_with_market_regime_filter,3906fee4e444,0.6933261769419544,4121838.606651935,6121838.606651935,2.060919303325967,0.5786157218290593,-82095.59725150932,-0.013355949417223725,8.695719517237542,False,True,0.31645245771544084,10.147288155692447
TPEX,500000000.0,1.5,avoid_weak_day,fill_quality_score,20_60,avoid_healthcare_materials_semiconductor_cap_25,focused_challenger_51231d62,closed_limit_up_with_market_regime_filter,4653607e5e5f,0.8005365871314113,4425470.190822813,6425470.190822813,2.2127350954114062,0.6101114447084499,-88982.72333141323,-0.013802312252832624,8.042995386011967,False,True,0.20879568469037507,9.618690410372704
TPEX,500000000.0,2.0,avoid_weak_day,fill_quality_score,20_60,avoid_healthcare_materials_semiconductor_cap_25,focused_challenger_3c50827a,closed_limit_up_with_market_regime_filter,68b22660f1e2,0.8005365871314113,4425470.190822813,6425470.190822813,2.2127350954114062,0.6101114447084499,-88982.72333141323,-0.013802312252832624,8.042995386011967,False,True,0.20879568469037507,9.618690410372704
TPEX,500000000.0,1.2,avoid_weak_day,fill_quality_score,20_60,avoid_healthcare_materials_semiconductor_cap_25,focused_challenger_e6ad611b,closed_limit_up_with_market_regime_filter,9d6e3b3250e1,0.8005365871314113,4425470.190822813,6425470.190822813,2.2127350954114062,0.6101114447084499,-88982.72333141323,-0.013802312252832624,8.042995386011967,False,True,0.20879568469037507,9.618690410372704
TPEX,500000000.0,3.0,none,day0_turnover_twd,30_80,avoid_healthcare_materials_semiconductor_cap_25,focused_challenger_24b3b5d9,closed_limit_up_with_prior_momentum_filter,3e49bc14a15a,0.7503274729539702,4422573.647858593,6422573.647858593,2.211286823929296,0.6098151962236815,-85108.75368424878,-0.013195202453584473,8.729967628695883,False,True,0.25961190866706435,9.86100038698356
TPEX,300000000.0,3.0,avoid_weak_day,volume_ratio_20d,30_80,avoid_healthcare_materials_semiconductor_cap_25,focused_challenger_4cece6a8,closed_limit_up_with_market_regime_filter,65cc05ae18bd,0.6678087280219651,4823125.419486699,6823125.419486699,2.4115627097433494,0.65005554317596,-85754.26716299262,-0.012510081447538028,7.910967533972108,False,True,0.34281577460511586,9.65842414899482
TPEX,300000000.0,2.0,avoid_weak_day,volume_ratio_20d,30_80,avoid_healthcare_materials_semiconductor_cap_25,focused_challenger_c48fe2cc,closed_limit_up_with_market_regime_filter,8132b6034ce0,0.7780636768694801,6050258.044544525,8050258.044544525,3.025129022272263,0.7652693334831677,-112969.37638996728,-0.013967998337062738,7.574734144469059,True,True,0.2548743387801661,9.863511377507944
TPEX,300000000.0,1.5,avoid_weak_day,volume_ratio_20d,30_80,avoid_healthcare_materials_semiconductor_cap_25,focused_challenger_91344b90,closed_limit_up_with_market_regime_filter,876550eaf642,0.7780636768694801,6050258.044544525,8050258.044544525,3.025129022272263,0.7652693334831677,-112969.37638996728,-0.013967998337062738,7.574734144469059,True,True,0.2548743387801661,9.863511377507944
TPEX,300000000.0,1.2,avoid_weak_day,volume_ratio_20d,30_80,avoid_healthcare_materials_semiconductor_cap_25,focused_challenger_55fac176,closed_limit_up_with_market_regime_filter,fabed571ac73,0.7780636768694801,6050258.044544525,8050258.044544525,3.025129022272263,0.7652693334831677,-112969.37638996728,-0.013967998337062738,7.574734144469059,True,True,0.2548743387801661,9.863511377507944
TPEX,500000000.0,3.0,avoid_weak_day,day0_turnover_twd,30_80,avoid_healthcare_materials_semiconductor_cap_25,focused_challenger_ecc98089,closed_limit_up_with_market_regime_filter,1f85114244e2,0.6633182121649354,3785716.936326528,5785716.936326528,1.892858468163264,0.5426517015644645,-74343.75260131713,-0.012810577779895511,8.354963998073487,False,True,0.3470057941297881,9.479100247909463
TPEX,500000000.0,3.0,none,composite_score,30_80,avoid_healthcare_materials_semiconductor_cap_25,focused_challenger_fb7749b1,closed_limit_up_with_prior_momentum_filter,89f8d29e2dc4,0.7502008158979506,4412907.511089158,6412907.511089158,2.206453755544579,0.6088260041990727,-85011.07666390203,-0.013200002827925434,8.72396662269433,False,True,0.25973376534874293,9.849056452849275
TPEX,500000000.0,1.2,avoid_weak_day,fill_quality_score,none,avoid_healthcare_materials_semiconductor_cap_25,focused_challenger_06a93720,closed_limit_up_with_market_regime_filter,6b254941e196,0.8722529832146493,5082756.874199997,7082756.874199997,2.5413784370999983,0.6753962467208965,-111315.39921148308,-0.015662046842445942,8.303194774673468,False,True,0.13521955401752375,9.735287011152282
TPEX,500000000.0,1.5,avoid_weak_day,fill_quality_score,none,avoid_healthcare_materials_semiconductor_cap_25,focused_challenger_3cd7f72d,closed_limit_up_with_market_regime_filter,6ae46012c5c0,0.8722529832146493,5082756.874199997,7082756.874199997,2.5413784370999983,0.6753962467208965,-111315.39921148308,-0.015662046842445942,8.303194774673468,False,True,0.13521955401752375,9.735287011152282
TPEX,500000000.0,2.0,avoid_weak_day,fill_quality_score,none,avoid_healthcare_materials_semiconductor_cap_25,focused_challenger_47a8c521,closed_limit_up_with_market_regime_filter,d43a3abb90e3,0.8722529832146493,5082756.874199997,7082756.874199997,2.5413784370999983,0.6753962467208965,-111315.39921148308,-0.015662046842445942,8.303194774673468,False,True,0.13521955401752375,9.735287011152282
TPEX,500000000.0,3.0,none,volume_ratio_20d,20_60,avoid_healthcare_materials_semiconductor_cap_25,focused_challenger_17574f24,closed_limit_up_with_prior_momentum_filter,483f11687c2a,0.7155209741416608,4056351.5264879903,6056351.52648799,2.028175763243995,0.5717022222275023,-81227.26752219349,-0.01333144299628602,8.449701977879535,False,True,0.29428216693667214,9.497438786180807
TPEX,300000000.0,3.0,none,volume_ratio_20d,30_80,avoid_healthcare_materials_semiconductor_cap_25,focused_challenger_e3fa78d0,closed_limit_up_with_prior_momentum_filter,c223d2ee35c3,0.7248794688800335,5637018.52645958,7637018.52645958,2.81850926322979,0.7277114229623145,-97492.73810781911,-0.012697993492412404,8.406341335457121,False,True,0.28555712170217307,9.88334096504169
BOTH,500000000.0,3.0,none,day0_turnover_twd,30_80,technology_industrials_only,focused_challenger_d2e79334,closed_limit_up_with_prior_momentum_filter,aeb66d223e53,0.7820309964202757,4597233.406434555,6597233.406434555,2.2986167032172773,0.6275394306985402,-86879.91825330444,-0.013111849418296802,8.620785390177113,False,True,0.22799173823604646,10.064136314633359
BOTH,500000000.0,3.0,none,fill_quality_score,30_80,technology_industrials_only,focused_challenger_a8a08723,closed_limit_up_with_prior_momentum_filter,782c88ec328f,0.7828515644255567,4602700.92678405,6602700.92678405,2.301350463392025,0.6280897576482654,-86935.6033397885,-0.013109348513742687,8.61184466154176,False,True,0.2271736711353196,10.102259882203615
TPEX,500000000.0,3.0,none,day0_turnover_twd,30_80,avoid_healthcare_materials,focused_challenger_3b8518f1,closed_limit_up_with_prior_momentum_filter,60d561ec2873,0.7820309964202757,4597233.406434555,6597233.406434555,2.2986167032172773,0.6275394306985402,-86879.91825330444,-0.013111849418296802,8.620785390177113,False,True,0.22799173823604646,10.064136314633359
TPEX,500000000.0,3.0,none,composite_score,30_80,technology_industrials_only,focused_challenger_e755ea5d,closed_limit_up_with_prior_momentum_filter,90a12805cdb7,0.7820025328427401,4597623.637524394,6597623.637524394,2.2988118187621973,0.6275787179026655,-86883.896997598,-0.013111671452436198,8.621316405158176,False,True,0.22802037977944267,10.070324105789439
TPEX,500000000.0,3.0,none,composite_score,30_80,avoid_healthcare_materials,focused_challenger_7b3c686e,closed_limit_up_with_prior_momentum_filter,8be1e64b13aa,0.7820025328427401,4597623.637524394,6597623.637524394,2.2988118187621973,0.6275787179026655,-86883.896997598,-0.013111671452436198,8.621316405158176,False,True,0.22802037977944267,10.070324105789439
TPEX,500000000.0,3.0,none,volume_ratio_20d,30_80,technology_industrials_only,focused_challenger_ff9e6166,closed_limit_up_with_prior_momentum_filter,0f770ef70a8f,0.781340980406586,4609466.946168406,6609466.946168406,2.304733473084203,0.6287704102174407,-87004.6745319739,-0.013106284103249561,8.634205546241022,False,True,0.22868731956478347,10.216784316893042
TPEX,500000000.0,3.0,none,volume_ratio_20d,30_80,avoid_healthcare_materials,focused_challenger_ecc51d17,closed_limit_up_with_prior_momentum_filter,b9641424a60d,0.781340980406586,4609466.946168406,6609466.946168406,2.304733473084203,0.6287704102174407,-87004.6745319739,-0.013106284103249561,8.634205546241022,False,True,0.22868731956478347,10.216784316893042
TPEX,500000000.0,3.0,none,day0_turnover_twd,30_80,technology_industrials_only,focused_challenger_50bee78c,closed_limit_up_with_prior_momentum_filter,94bf5a5f76c7,0.7820309964202757,4597233.406434555,6597233.406434555,2.2986167032172773,0.6275394306985402,-86879.91825330444,-0.013111849418296802,8.620785390177113,False,True,0.22799173823604646,10.064136314633359
TPEX,500000000.0,3.0,none,fill_quality_score,30_80,technology_industrials_only,focused_challenger_7b39ed83,closed_limit_up_with_prior_momentum_filter,ced0b68f41ab,0.7828515644255567,4602700.92678405,6602700.92678405,2.301350463392025,0.6280897576482654,-86935.6033397885,-0.013109348513742687,8.61184466154176,False,True,0.2271736711353196,10.102259882203615
TPEX,500000000.0,3.0,none,fill_quality_score,30_80,avoid_healthcare_materials,focused_challenger_47677590,closed_limit_up_with_prior_momentum_filter,34d16a4015e9,0.7828515644255567,4602700.92678405,6602700.92678405,2.301350463392025,0.6280897576482654,-86935.6033397885,-0.013109348513742687,8.61184466154176,False,True,0.2271736711353196,10.102259882203615
BOTH,500000000.0,3.0,none,composite_score,30_80,technology_industrials_only,focused_challenger_1f60da7c,closed_limit_up_with_prior_momentum_filter,115e632c8fd6,0.7820025328427401,4597623.637524394,6597623.637524394,2.2988118187621973,0.6275787179026655,-86883.896997598,-0.013111671452436198,8.621316405158176,False,True,0.22802037977944267,10.070324105789439
BOTH,500000000.0,3.0,none,volume_ratio_20d,30_80,technology_industrials_only,focused_challenger_efa57c8f,closed_limit_up_with_prior_momentum_filter,ec13547bd9a6,0.781340980406586,4609466.946168406,6609466.946168406,2.304733473084203,0.6287704102174407,-87004.6745319739,-0.013106284103249561,8.634205546241022,False,True,0.22868731956478347,10.216784316893042
TPEX,300000000.0,1.2,avoid_weak_day,fill_quality_score,30_80,avoid_healthcare_materials_semiconductor_cap_25,focused_challenger_35adc734,closed_limit_up_with_market_regime_filter,18e489b3d680,0.7833545275190812,6046132.989233797,8046132.989233797,3.0230664946168986,0.7649001315098933,-112924.09784980863,-0.013969572688177898,7.936335082289096,True,True,0.24884350983290102,9.954177155707464
TPEX,300000000.0,2.0,avoid_weak_day,fill_quality_score,30_80,avoid_healthcare_materials_semiconductor_cap_25,focused_challenger_bbf1de94,closed_limit_up_with_market_regime_filter,6ca69ce0691d,0.7833545275190812,6046132.989233797,8046132.989233797,3.0230664946168986,0.7649001315098933,-112924.09784980863,-0.013969572688177898,7.936335082289096,True,True,0.24884350983290102,9.954177155707464
TPEX,300000000.0,1.5,avoid_weak_day,fill_quality_score,30_80,avoid_healthcare_materials_semiconductor_cap_25,focused_challenger_4d73f1c3,closed_limit_up_with_market_regime_filter,33f0d1972574,0.7833545275190812,6046132.989233797,8046132.989233797,3.0230664946168986,0.7649001315098933,-112924.09784980863,-0.013969572688177898,7.936335082289096,True,True,0.24884350983290102,9.954177155707464
TPEX,300000000.0,3.0,avoid_weak_day,fill_quality_score,30_80,avoid_healthcare_materials_semiconductor_cap_25,focused_challenger_cfb49661,closed_limit_up_with_market_regime_filter,036bf47f8241,0.6710950752530479,4844492.745868964,6844492.745868964,2.422246372934482,0.6521623783516506,-85984.78063615691,-0.012504426334874138,7.949715665891413,False,True,0.33953508248669695,9.73015652709697
TPEX,500000000.0,3.0,none,fill_quality_score,20_60,avoid_healthcare_materials_semiconductor_cap_25,focused_challenger_1cefcdbb,closed_limit_up_with_prior_momentum_filter,10d22019fd67,0.7164017501582037,4077979.0278081484,6077979.027808148,2.0389895139040743,0.5739903189070128,-81442.60136382468,-0.013319203177913984,8.483823393699527,False,True,0.29341363073850124,9.626005772931133
TPEX,500000000.0,3.0,avoid_weak_day,composite_score,30_80,avoid_healthcare_materials_semiconductor_cap_25,focused_challenger_3030d27e,closed_limit_up_with_market_regime_filter,1e8ff404c621,0.6627850830704732,3781354.3872759445,5781354.387275944,1.890677193637972,0.5421768967058367,-74297.92678994406,-0.0128124038225008,8.347556100576261,False,True,0.34753709718164494,9.47567570784758
TPEX,500000000.0,1.2,avoid_weak_day,composite_score,20_60,avoid_healthcare_materials_semiconductor_cap_25,focused_challenger_4b0dee68,closed_limit_up_with_market_regime_filter,da5aa7ffece3,0.7971413367183712,4429414.135110552,6429414.135110552,2.2147070675552762,0.6105146907492198,-89020.66774397437,-0.013799680071141712,7.981266970328828,False,True,0.2121935672851061,9.660183303851813
TPEX,500000000.0,2.0,avoid_weak_day,composite_score,20_60,avoid_healthcare_materials_semiconductor_cap_25,focused_challenger_fb703404,closed_limit_up_with_market_regime_filter,fe50eca43b31,0.7971413367183712,4429414.135110552,6429414.135110552,2.2147070675552762,0.6105146907492198,-89020.66774397437,-0.013799680071141712,7.981266970328828,False,True,0.2121935672851061,9.660183303851813
TPEX,500000000.0,1.5,avoid_weak_day,composite_score,20_60,avoid_healthcare_materials_semiconductor_cap_25,focused_challenger_f62475e4,closed_limit_up_with_market_regime_filter,5a1a952d2b3e,0.7971413367183712,4429414.135110552,6429414.135110552,2.2147070675552762,0.6105146907492198,-89020.66774397437,-0.013799680071141712,7.981266970328828,False,True,0.2121935672851061,9.660183303851813
TPEX,500000000.0,3.0,not_bear,day0_turnover_twd,30_80,avoid_healthcare_materials_semiconductor_cap_25,focused_challenger_a161a381,closed_limit_up_with_market_regime_filter,5bda04bd1378,0.6847647921388545,4047204.140462024,6047204.140462024,2.023602070231012,0.5707330128019741,-81355.25054493733,-0.01339957522512434,8.680215128925155,False,True,0.3249702167106401,9.755064699562567
TPEX,500000000.0,1.5,avoid_weak_day,day0_turnover_twd,20_60,avoid_healthcare_materials_semiconductor_cap_25,focused_challenger_ac428af9,closed_limit_up_with_market_regime_filter,25d1bc6f04f8,0.7983823226688967,4435014.952923166,6435014.952923166,2.217507476461583,0.6110870912400244,-89073.80578220915,-0.013795829839534554,7.983552306978956,False,True,0.21095643156618768,9.68695690146668
TPEX,1000000000.0,1.5,avoid_weak_day,volume_ratio_20d,30_80,avoid_healthcare_materials_semiconductor_cap_25,focused_challenger_0d6fc050,closed_limit_up_with_market_regime_filter,bbb940e87cca,0.6577309065599537,3656114.4490362043,5656114.449036204,1.8280572245181022,0.5284547424141675,-79673.62377355248,-0.014063338308332193,8.233461347639038,False,True,0.3513403392063331,9.578191544000887
TPEX,1000000000.0,1.2,avoid_weak_day,volume_ratio_20d,30_80,avoid_healthcare_materials_semiconductor_cap_25,focused_challenger_2c32f24b,closed_limit_up_with_market_regime_filter,8551ff6d5d9c,0.6577309065599537,3656114.4490362043,5656114.449036204,1.8280572245181022,0.5284547424141675,-79673.62377355248,-0.014063338308332193,8.233461347639038,False,True,0.3513403392063331,9.578191544000887
TPEX,1000000000.0,2.0,avoid_weak_day,volume_ratio_20d,30_80,avoid_healthcare_materials_semiconductor_cap_25,focused_challenger_d430a178,closed_limit_up_with_market_regime_filter,c224c90ea479,0.6577309065599537,3656114.4490362043,5656114.449036204,1.8280572245181022,0.5284547424141675,-79673.62377355248,-0.014063338308332193,8.233461347639038,False,True,0.3513403392063331,9.578191544000887
TPEX,1000000000.0,1.2,avoid_weak_day,day0_turnover_twd,30_80,avoid_healthcare_materials_semiconductor_cap_25,focused_challenger_6f9c9388,closed_limit_up_with_market_regime_filter,318f5e5545e2,0.6544763533296516,3655883.2911827452,5655883.291182745,1.8279416455913728,0.5284292497344141,-79671.70949983131,-0.014063581548641981,8.238981536453037,False,True,0.3545946491963254,9.595509662898712
TPEX,1000000000.0,2.0,avoid_weak_day,day0_turnover_twd,30_80,avoid_healthcare_materials_semiconductor_cap_25,focused_challenger_4f449828,closed_limit_up_with_market_regime_filter,8a0da23c6bfd,0.6544763533296516,3655883.2911827452,5655883.291182745,1.8279416455913728,0.5284292497344141,-79671.70949983131,-0.014063581548641981,8.238981536453037,False,True,0.3545946491963254,9.595509662898712
TPEX,1000000000.0,1.5,avoid_weak_day,day0_turnover_twd,30_80,avoid_healthcare_materials_semiconductor_cap_25,focused_challenger_e50ad1ae,closed_limit_up_with_market_regime_filter,485053fc90d6,0.6544763533296516,3655883.2911827452,5655883.291182745,1.8279416455913728,0.5284292497344141,-79671.70949983131,-0.014063581548641981,8.238981536453037,False,True,0.3545946491963254,9.595509662898712
TPEX,500000000.0,2.0,none,volume_ratio_20d,30_80,avoid_healthcare_materials_semiconductor_cap_25,focused_challenger_3c0b002c,closed_limit_up_with_prior_momentum_filter,822f7024e58c,0.9597559903664216,5656757.662999555,7656757.662999555,2.8283788314997773,0.7295324266435617,-178166.91970806196,-0.02297102683746477,8.600344901050923,False,True,0.04040756687073265,9.584516959297392
TPEX,500000000.0,1.5,none,volume_ratio_20d,30_80,avoid_healthcare_materials_semiconductor_cap_25,focused_challenger_f8638eb4,closed_limit_up_with_prior_momentum_filter,9551282bf711,0.9597559903664216,5656757.662999555,7656757.662999555,2.8283788314997773,0.7295324266435617,-178166.91970806196,-0.02297102683746477,8.600344901050923,False,True,0.04040756687073265,9.584516959297392
TPEX,1000000000.0,1.2,avoid_weak_day,fill_quality_score,30_80,avoid_healthcare_materials_semiconductor_cap_25,focused_challenger_b67f35a5,closed_limit_up_with_market_regime_filter,454556a1baa5,0.6566886139606832,3661462.1730008954,5661462.173000895,1.8307310865004478,0.5290443310295276,-79723.20400276501,-0.014058675418636793,8.230207228510237,False,True,0.35238729469529895,9.542278842306176
TPEX,1000000000.0,1.5,avoid_weak_day,fill_quality_score,30_80,avoid_healthcare_materials_semiconductor_cap_25,focused_challenger_bea04745,closed_limit_up_with_market_regime_filter,55888467c31d,0.6566886139606832,3661462.1730008954,5661462.173000895,1.8307310865004478,0.5290443310295276,-79723.20400276501,-0.014058675418636793,8.230207228510237,False,True,0.35238729469529895,9.542278842306176
TPEX,1000000000.0,2.0,avoid_weak_day,fill_quality_score,30_80,avoid_healthcare_materials_semiconductor_cap_25,focused_challenger_d8cd1959,closed_limit_up_with_market_regime_filter,2fd500742d05,0.6566886139606832,3661462.1730008954,5661462.173000895,1.8307310865004478,0.5290443310295276,-79723.20400276501,-0.014058675418636793,8.230207228510237,False,True,0.35238729469529895,9.542278842306176
TPEX,1000000000.0,2.0,avoid_weak_day,composite_score,30_80,avoid_healthcare_materials_semiconductor_cap_25,focused_challenger_3a211b33,closed_limit_up_with_market_regime_filter,2a69ecf10dd3,0.6554787489407173,3650177.8809597315,5650177.8809597315,1.8250889404798656,0.5277998469336338,-79618.8519332651,-0.014068573647621532,8.239982374256734,False,True,0.3535872614862801,9.576024639925741
TPEX,1000000000.0,1.2,avoid_weak_day,composite_score,30_80,avoid_healthcare_materials_semiconductor_cap_25,focused_challenger_45b14d41,closed_limit_up_with_market_regime_filter,a93f643dabf3,0.6554787489407173,3650177.8809597315,5650177.8809597315,1.8250889404798656,0.5277998469336338,-79618.8519332651,-0.014068573647621532,8.239982374256734,False,True,0.3535872614862801,9.576024639925741
TPEX,1000000000.0,1.5,avoid_weak_day,composite_score,30_80,avoid_healthcare_materials_semiconductor_cap_25,focused_challenger_ba64fd11,closed_limit_up_with_market_regime_filter,9ae0a933f967,0.6554787489407173,3650177.8809597315,5650177.8809597315,1.8250889404798656,0.5277998469336338,-79618.8519332651,-0.014068573647621532,8.239982374256734,False,True,0.3535872614862801,9.576024639925741
TPEX,1000000000.0,2.0,none,day0_turnover_twd,30_80,avoid_healthcare_materials_semiconductor_cap_25,focused_challenger_8b0992ce,closed_limit_up_with_prior_momentum_filter,b5eead601b91,0.7404460360245635,4227078.580549592,6227078.580549592,2.113539290274796,0.5896348523725425,-121186.4622887494,-0.01930217340282511,8.445977575620143,False,True,0.26338637464723036,9.668013171238774
TPEX,1000000000.0,1.2,none,day0_turnover_twd,30_80,avoid_healthcare_materials_semiconductor_cap_25,focused_challenger_bb335bfc,closed_limit_up_with_prior_momentum_filter,083bbafd84e9,0.7404460360245635,4227078.580549592,6227078.580549592,2.113539290274796,0.5896348523725425,-121186.4622887494,-0.01930217340282511,8.445977575620143,False,True,0.26338637464723036,9.668013171238774
TPEX,1000000000.0,1.5,none,day0_turnover_twd,30_80,avoid_healthcare_materials_semiconductor_cap_25,focused_challenger_0da182f9,closed_limit_up_with_prior_momentum_filter,fdcfa97526ff,0.7404460360245635,4227078.580549592,6227078.580549592,2.113539290274796,0.5896348523725425,-121186.4622887494,-0.01930217340282511,8.445977575620143,False,True,0.26338637464723036,9.668013171238774
TPEX,1000000000.0,1.5,none,volume_ratio_20d,30_80,avoid_healthcare_materials_semiconductor_cap_25,focused_challenger_aaacffd7,closed_limit_up_with_prior_momentum_filter,2ba6746d15d6,0.7425508857439385,4226701.18189909,6226701.18189909,2.1133505909495454,0.5895955346501618,-121184.42357976176,-0.01930301439202512,8.442330539768442,False,True,0.2612806839386554,9.609213294069647
TPEX,1000000000.0,2.0,none,volume_ratio_20d,30_80,avoid_healthcare_materials_semiconductor_cap_25,focused_challenger_ce13b895,closed_limit_up_with_prior_momentum_filter,fd4ccca479e1,0.7425508857439385,4226701.18189909,6226701.18189909,2.1133505909495454,0.5895955346501618,-121184.42357976176,-0.01930301439202512,8.442330539768442,False,True,0.2612806839386554,9.609213294069647
TPEX,1000000000.0,1.2,none,volume_ratio_20d,30_80,avoid_healthcare_materials_semiconductor_cap_25,focused_challenger_2ba29e49,closed_limit_up_with_prior_momentum_filter,c9ec09e3cdf3,0.7425508857439385,4226701.18189909,6226701.18189909,2.1133505909495454,0.5895955346501618,-121184.42357976176,-0.01930301439202512,8.442330539768442,False,True,0.2612806839386554,9.609213294069647
BOTH,1000000000.0,2.0,avoid_weak_day,volume_ratio_20d,30_80,technology_industrials_only,focused_challenger_805c29ef,closed_limit_up_with_market_regime_filter,a642e97f1db3,0.6564149163904563,3722410.173012308,5722410.173012308,1.8612050865061538,0.5357407113136825,-80289.23133239523,-0.014006325992275897,8.192375356133516,False,True,0.35271334169188673,9.674162553336522
BOTH,1000000000.0,1.2,avoid_weak_day,day0_turnover_twd,30_80,technology_industrials_only,focused_challenger_6bbc9e7b,closed_limit_up_with_market_regime_filter,43fae5184de3,0.6554568133443281,3712526.2331917873,5712526.233191787,1.8562631165958936,0.5346576367860256,-80197.30742825288,-0.014014715376314301,8.187088886111725,False,True,0.3536630553539765,9.640612578915487
TPEX,1000000000.0,2.0,avoid_weak_day,fill_quality_score,30_80,avoid_healthcare_materials,focused_challenger_8c0e866f,closed_limit_up_with_market_regime_filter,c4e883dbb2d3,0.6560244089677942,3718213.387784736,5718213.387784736,1.8591066938923682,0.5352809661851143,-80250.17724340968,-0.014009880553158095,8.198710415148796,False,True,0.35310029455366665,9.660136334861413
BOTH,1000000000.0,1.5,avoid_weak_day,fill_quality_score,30_80,technology_industrials_only,focused_challenger_a7f198df,closed_limit_up_with_market_regime_filter,7329cda36631,0.6560244089677942,3718213.387784736,5718213.387784736,1.8591066938923682,0.5352809661851143,-80250.17724340968,-0.014009880553158095,8.198710415148796,False,True,0.35310029455366665,9.660136334861413
BOTH,1000000000.0,1.2,avoid_weak_day,composite_score,30_80,technology_industrials_only,focused_challenger_fbb4d515,closed_limit_up_with_market_regime_filter,297ccbc9fb3e,0.6559991783710529,3716790.461560595,5716790.461560595,1.8583952307802973,0.5351250435855324,-80236.94572835881,-0.014011088690503642,8.18977439088718,False,True,0.3531243170130624,9.655426997174569
TPEX,1000000000.0,2.0,avoid_weak_day,fill_quality_score,30_80,technology_industrials_only,focused_challenger_cb20df73,closed_limit_up_with_market_regime_filter,ad1991c5d94d,0.6560244089677942,3718213.387784736,5718213.387784736,1.8591066938923682,0.5352809661851143,-80250.17724340968,-0.014009880553158095,8.198710415148796,False,True,0.35310029455366665,9.660136334861413
TPEX,1000000000.0,2.0,avoid_weak_day,day0_turnover_twd,30_80,avoid_healthcare_materials,focused_challenger_553070ce,closed_limit_up_with_market_regime_filter,afbb11ae56e6,0.6554568133443281,3712526.2331917873,5712526.233191787,1.8562631165958936,0.5346576367860256,-80197.30742825288,-0.014014715376314301,8.187088886111725,False,True,0.3536630553539765,9.640612578915487
BOTH,1000000000.0,1.2,avoid_weak_day,volume_ratio_20d,30_80,technology_industrials_only,focused_challenger_bff3a46f,closed_limit_up_with_market_regime_filter,99ee7b4a717a,0.6564149163904563,3722410.173012308,5722410.173012308,1.8612050865061538,0.5357407113136825,-80289.23133239523,-0.014006325992275897,8.192375356133516,False,True,0.35271334169188673,9.674162553336522
BOTH,1000000000.0,1.2,avoid_weak_day,fill_quality_score,30_80,technology_industrials_only,focused_challenger_954edf4a,closed_limit_up_with_market_regime_filter,3b606fbc5049,0.6560244089677942,3718213.387784736,5718213.387784736,1.8591066938923682,0.5352809661851143,-80250.17724340968,-0.014009880553158095,8.198710415148796,False,True,0.35310029455366665,9.660136334861413
BOTH,1000000000.0,1.5,avoid_weak_day,day0_turnover_twd,30_80,technology_industrials_only,focused_challenger_b3c5a5de,closed_limit_up_with_market_regime_filter,747ffa6af697,0.6554568133443281,3712526.2331917873,5712526.233191787,1.8562631165958936,0.5346576367860256,-80197.30742825288,-0.014014715376314301,8.187088886111725,False,True,0.3536630553539765,9.640612578915487
TPEX,1000000000.0,2.0,avoid_weak_day,volume_ratio_20d,30_80,avoid_healthcare_materials,focused_challenger_4f4436f3,closed_limit_up_with_market_regime_filter,5e05f544ba75,0.6564149163904563,3722410.173012308,5722410.173012308,1.8612050865061538,0.5357407113136825,-80289.23133239523,-0.014006325992275897,8.192375356133516,False,True,0.35271334169188673,9.674162553336522
BOTH,1000000000.0,1.5,avoid_weak_day,composite_score,30_80,technology_industrials_only,focused_challenger_f3d9e48b,closed_limit_up_with_market_regime_filter,78766f3b3816,0.6559991783710529,3716790.461560595,5716790.461560595,1.8583952307802973,0.5351250435855324,-80236.94572835881,-0.014011088690503642,8.18977439088718,False,True,0.3531243170130624,9.655426997174569
BOTH,1000000000.0,2.0,avoid_weak_day,fill_quality_score,30_80,technology_industrials_only,focused_challenger_1c5271d9,closed_limit_up_with_market_regime_filter,c42ba9afc83b,0.6560244089677942,3718213.387784736,5718213.387784736,1.8591066938923682,0.5352809661851143,-80250.17724340968,-0.014009880553158095,8.198710415148796,False,True,0.35310029455366665,9.660136334861413
TPEX,1000000000.0,2.0,avoid_weak_day,volume_ratio_20d,30_80,technology_industrials_only,focused_challenger_e0269252,closed_limit_up_with_market_regime_filter,bd53302a1bf1,0.6564149163904563,3722410.173012308,5722410.173012308,1.8612050865061538,0.5357407113136825,-80289.23133239523,-0.014006325992275897,8.192375356133516,False,True,0.35271334169188673,9.674162553336522
TPEX,1000000000.0,2.0,avoid_weak_day,composite_score,30_80,avoid_healthcare_materials,focused_challenger_0b3f53d5,closed_limit_up_with_market_regime_filter,155a7ebee168,0.6559991783710529,3716790.461560595,5716790.461560595,1.8583952307802973,0.5351250435855324,-80236.94572835881,-0.014011088690503642,8.18977439088718,False,True,0.3531243170130624,9.655426997174569
BOTH,1000000000.0,2.0,avoid_weak_day,day0_turnover_twd,30_80,technology_industrials_only,focused_challenger_e1cbc135,closed_limit_up_with_market_regime_filter,212fc947cec5,0.6554568133443281,3712526.2331917873,5712526.233191787,1.8562631165958936,0.5346576367860256,-80197.30742825288,-0.014014715376314301,8.187088886111725,False,True,0.3536630553539765,9.640612578915487
TPEX,1000000000.0,2.0,avoid_weak_day,composite_score,30_80,technology_industrials_only,focused_challenger_b4910cd7,closed_limit_up_with_market_regime_filter,4d2fedc58769,0.6559991783710529,3716790.461560595,5716790.461560595,1.8583952307802973,0.5351250435855324,-80236.94572835881,-0.014011088690503642,8.18977439088718,False,True,0.3531243170130624,9.655426997174569
BOTH,1000000000.0,1.5,avoid_weak_day,volume_ratio_20d,30_80,technology_industrials_only,focused_challenger_66df5fe5,closed_limit_up_with_market_regime_filter,dc870545779a,0.6564149163904563,3722410.173012308,5722410.173012308,1.8612050865061538,0.5357407113136825,-80289.23133239523,-0.014006325992275897,8.192375356133516,False,True,0.35271334169188673,9.674162553336522
TPEX,1000000000.0,2.0,avoid_weak_day,day0_turnover_twd,30_80,technology_industrials_only,focused_challenger_dbef34d6,closed_limit_up_with_market_regime_filter,6ad7a312e92f,0.6554568133443281,3712526.2331917873,5712526.233191787,1.8562631165958936,0.5346576367860256,-80197.30742825288,-0.014014715376314301,8.187088886111725,False,True,0.3536630553539765,9.640612578915487
BOTH,1000000000.0,2.0,avoid_weak_day,composite_score,30_80,technology_industrials_only,focused_challenger_c291010c,closed_limit_up_with_market_regime_filter,d13099cf38bd,0.6559991783710529,3716790.461560595,5716790.461560595,1.8583952307802973,0.5351250435855324,-80236.94572835881,-0.014011088690503642,8.18977439088718,False,True,0.3531243170130624,9.655426997174569
TPEX,1000000000.0,1.5,avoid_weak_day,volume_ratio_20d,30_80,technology_industrials_only,focused_challenger_e484069a,closed_limit_up_with_market_regime_filter,a363003a263a,0.6564149163904563,3722410.173012308,5722410.173012308,1.8612050865061538,0.5357407113136825,-80289.23133239523,-0.014006325992275897,8.192375356133516,False,True,0.35271334169188673,9.674162553336522
TPEX,1000000000.0,1.2,avoid_weak_day,fill_quality_score,30_80,avoid_healthcare_materials,focused_challenger_821419b0,closed_limit_up_with_market_regime_filter,64a34f6e6f57,0.6560244089677942,3718213.387784736,5718213.387784736,1.8591066938923682,0.5352809661851143,-80250.17724340968,-0.014009880553158095,8.198710415148796,False,True,0.35310029455366665,9.660136334861413
TPEX,1000000000.0,1.2,avoid_weak_day,fill_quality_score,30_80,technology_industrials_only,focused_challenger_ea8315da,closed_limit_up_with_market_regime_filter,f184330fa82f,0.6560244089677942,3718213.387784736,5718213.387784736,1.8591066938923682,0.5352809661851143,-80250.17724340968,-0.014009880553158095,8.198710415148796,False,True,0.35310029455366665,9.660136334861413
TPEX,1000000000.0,1.2,avoid_weak_day,day0_turnover_twd,30_80,avoid_healthcare_materials,focused_challenger_0e65e015,closed_limit_up_with_market_regime_filter,ee99237de8f6,0.6554568133443281,3712526.2331917873,5712526.233191787,1.8562631165958936,0.5346576367860256,-80197.30742825288,-0.014014715376314301,8.187088886111725,False,True,0.3536630553539765,9.640612578915487
TPEX,1000000000.0,1.2,avoid_weak_day,day0_turnover_twd,30_80,technology_industrials_only,focused_challenger_1e3300d5,closed_limit_up_with_market_regime_filter,cde500f64dbf,0.6554568133443281,3712526.2331917873,5712526.233191787,1.8562631165958936,0.5346576367860256,-80197.30742825288,-0.014014715376314301,8.187088886111725,False,True,0.3536630553539765,9.640612578915487
TPEX,1000000000.0,1.2,avoid_weak_day,volume_ratio_20d,30_80,avoid_healthcare_materials,focused_challenger_0fd0760f,closed_limit_up_with_market_regime_filter,7f0e2458b911,0.6564149163904563,3722410.173012308,5722410.173012308,1.8612050865061538,0.5357407113136825,-80289.23133239523,-0.014006325992275897,8.192375356133516,False,True,0.35271334169188673,9.674162553336522
TPEX,1000000000.0,1.5,avoid_weak_day,fill_quality_score,30_80,avoid_healthcare_materials,focused_challenger_f42eb871,closed_limit_up_with_market_regime_filter,b7868143f816,0.6560244089677942,3718213.387784736,5718213.387784736,1.8591066938923682,0.5352809661851143,-80250.17724340968,-0.014009880553158095,8.198710415148796,False,True,0.35310029455366665,9.660136334861413
TPEX,1000000000.0,1.5,avoid_weak_day,fill_quality_score,30_80,technology_industrials_only,focused_challenger_c2df22b2,closed_limit_up_with_market_regime_filter,b98126235cbe,0.6560244089677942,3718213.387784736,5718213.387784736,1.8591066938923682,0.5352809661851143,-80250.17724340968,-0.014009880553158095,8.198710415148796,False,True,0.35310029455366665,9.660136334861413
TPEX,1000000000.0,1.5,avoid_weak_day,day0_turnover_twd,30_80,avoid_healthcare_materials,focused_challenger_0c4f4c54,closed_limit_up_with_market_regime_filter,65bb3c80b05d,0.6554568133443281,3712526.2331917873,5712526.233191787,1.8562631165958936,0.5346576367860256,-80197.30742825288,-0.014014715376314301,8.187088886111725,False,True,0.3536630553539765,9.640612578915487
TPEX,1000000000.0,1.5,avoid_weak_day,day0_turnover_twd,30_80,technology_industrials_only,focused_challenger_7da70d55,closed_limit_up_with_market_regime_filter,7e4a029ce488,0.6554568133443281,3712526.2331917873,5712526.233191787,1.8562631165958936,0.5346576367860256,-80197.30742825288,-0.014014715376314301,8.187088886111725,False,True,0.3536630553539765,9.640612578915487
TPEX,1000000000.0,1.5,avoid_weak_day,volume_ratio_20d,30_80,avoid_healthcare_materials,focused_challenger_2a79810b,closed_limit_up_with_market_regime_filter,6a5a45c18295,0.6564149163904563,3722410.173012308,5722410.173012308,1.8612050865061538,0.5357407113136825,-80289.23133239523,-0.014006325992275897,8.192375356133516,False,True,0.35271334169188673,9.674162553336522
TPEX,1000000000.0,1.5,avoid_weak_day,composite_score,30_80,avoid_healthcare_materials,focused_challenger_c72202c6,closed_limit_up_with_market_regime_filter,2fc314dfc25a,0.6559991783710529,3716790.461560595,5716790.461560595,1.8583952307802973,0.5351250435855324,-80236.94572835881,-0.014011088690503642,8.18977439088718,False,True,0.3531243170130624,9.655426997174569
TPEX,1000000000.0,1.5,avoid_weak_day,composite_score,30_80,technology_industrials_only,focused_challenger_3f676f65,closed_limit_up_with_market_regime_filter,b82a0e570c89,0.6559991783710529,3716790.461560595,5716790.461560595,1.8583952307802973,0.5351250435855324,-80236.94572835881,-0.014011088690503642,8.18977439088718,False,True,0.3531243170130624,9.655426997174569
TPEX,1000000000.0,1.2,avoid_weak_day,volume_ratio_20d,30_80,technology_industrials_only,focused_challenger_9c8dd8b7,closed_limit_up_with_market_regime_filter,d2370ebae36e,0.6564149163904563,3722410.173012308,5722410.173012308,1.8612050865061538,0.5357407113136825,-80289.23133239523,-0.014006325992275897,8.192375356133516,False,True,0.35271334169188673,9.674162553336522
TPEX,1000000000.0,1.2,avoid_weak_day,composite_score,30_80,avoid_healthcare_materials,focused_challenger_ebde7121,closed_limit_up_with_market_regime_filter,5967a00d4ffb,0.6559991783710529,3716790.461560595,5716790.461560595,1.8583952307802973,0.5351250435855324,-80236.94572835881,-0.014011088690503642,8.18977439088718,False,True,0.3531243170130624,9.655426997174569
TPEX,1000000000.0,1.2,avoid_weak_day,composite_score,30_80,technology_industrials_only,focused_challenger_bf49d9db,closed_limit_up_with_market_regime_filter,12c58fd0aaed,0.6559991783710529,3716790.461560595,5716790.461560595,1.8583952307802973,0.5351250435855324,-80236.94572835881,-0.014011088690503642,8.18977439088718,False,True,0.3531243170130624,9.655426997174569
BOTH,1000000000.0,1.2,none,volume_ratio_20d,30_80,technology_industrials_only,focused_challenger_6eedc3d7,closed_limit_up_with_prior_momentum_filter,debf20c856a0,0.7509073866276859,4298388.510762181,6298388.510762181,2.1491942553810905,0.5970388244829605,-121468.19490638096,-0.019128853102456572,8.378011187092818,False,True,0.25309834434447653,9.769937523048279
TPEX,1000000000.0,1.5,none,fill_quality_score,30_80,avoid_healthcare_materials,focused_challenger_db592a0b,closed_limit_up_with_prior_momentum_filter,d3dd5c85043d,0.7494873600851716,4288992.336687239,6288992.336687239,2.1444961683436192,0.5960660859371065,-121430.45383163262,-0.01915136965201039,8.357732922097115,False,True,0.254495854337437,9.667250776930985
TPEX,1000000000.0,1.5,none,fill_quality_score,30_80,technology_industrials_only,focused_challenger_024127f3,closed_limit_up_with_prior_momentum_filter,95a4f2b07f95,0.7494873600851716,4288992.336687239,6288992.336687239,2.1444961683436192,0.5960660859371065,-121430.45383163262,-0.01915136965201039,8.357732922097115,False,True,0.254495854337437,9.667250776930985
TPEX,1000000000.0,1.5,none,day0_turnover_twd,30_80,avoid_healthcare_materials,focused_challenger_afb27276,closed_limit_up_with_prior_momentum_filter,57e24ae7f8c0,0.7499339941485829,4282280.485877578,6282280.485877578,2.141140242938789,0.5953707150324097,-121403.15837832261,-0.0191674418577141,8.357752568318224,False,True,0.254033148068322,9.649997178715598
TPEX,1000000000.0,1.5,none,day0_turnover_twd,30_80,technology_industrials_only,focused_challenger_cf2ed000,closed_limit_up_with_prior_momentum_filter,e18ff131b33f,0.7499339941485829,4282280.485877578,6282280.485877578,2.141140242938789,0.5953707150324097,-121403.15837832261,-0.0191674418577141,8.357752568318224,False,True,0.254033148068322,9.649997178715598
TPEX,1000000000.0,1.5,none,volume_ratio_20d,30_80,avoid_healthcare_materials,focused_challenger_4911979b,closed_limit_up_with_prior_momentum_filter,ecfe98f81bd9,0.7509073866276859,4298388.510762181,6298388.510762181,2.1491942553810905,0.5970388244829605,-121468.19490638096,-0.019128853102456572,8.378011187092818,False,True,0.25309834434447653,9.769937523048279
TPEX,1000000000.0,1.2,none,composite_score,30_80,technology_industrials_only,focused_challenger_c57d91a0,closed_limit_up_with_prior_momentum_filter,67d9546fa96d,0.7506266259505215,4289202.345202334,6289202.345202334,2.144601172601167,0.5960878364551678,-121430.96255221497,-0.019150813121407692,8.361874824434064,False,True,0.25335714500268974,9.675073418310227
BOTH,1000000000.0,1.2,none,fill_quality_score,30_80,technology_industrials_only,focused_challenger_71beb073,closed_limit_up_with_prior_momentum_filter,25655c86ed0c,0.7494873600851716,4288992.336687239,6288992.336687239,2.1444961683436192,0.5960660859371065,-121430.45383163262,-0.01915136965201039,8.357732922097115,False,True,0.254495854337437,9.667250776930985
BOTH,1000000000.0,1.2,none,day0_turnover_twd,30_80,technology_industrials_only,focused_challenger_528e5554,closed_limit_up_with_prior_momentum_filter,5e36b5f6f6b2,0.7499339941485829,4282280.485877578,6282280.485877578,2.141140242938789,0.5953707150324097,-121403.15837832261,-0.0191674418577141,8.357752568318224,False,True,0.254033148068322,9.649997178715598
TPEX,1000000000.0,1.2,none,volume_ratio_20d,30_80,avoid_healthcare_materials,focused_challenger_df9e0eab,closed_limit_up_with_prior_momentum_filter,7ce09539639a,0.7509073866276859,4298388.510762181,6298388.510762181,2.1491942553810905,0.5970388244829605,-121468.19490638096,-0.019128853102456572,8.378011187092818,False,True,0.25309834434447653,9.769937523048279
BOTH,1000000000.0,1.2,none,composite_score,30_80,technology_industrials_only,focused_challenger_710ea5ee,closed_limit_up_with_prior_momentum_filter,6938f63914dc,0.7506266259505215,4289202.345202334,6289202.345202334,2.144601172601167,0.5960878364551678,-121430.96255221497,-0.019150813121407692,8.361874824434064,False,True,0.25335714500268974,9.675073418310227
TPEX,1000000000.0,1.2,none,day0_turnover_twd,30_80,avoid_healthcare_materials,focused_challenger_9dc0f95d,closed_limit_up_with_prior_momentum_filter,007b0a9c84f4,0.7499339941485829,4282280.485877578,6282280.485877578,2.141140242938789,0.5953707150324097,-121403.15837832261,-0.0191674418577141,8.357752568318224,False,True,0.254033148068322,9.649997178715598
TPEX,1000000000.0,1.2,none,fill_quality_score,30_80,avoid_healthcare_materials,focused_challenger_a5327613,closed_limit_up_with_prior_momentum_filter,49fb8b1f601c,0.7494873600851716,4288992.336687239,6288992.336687239,2.1444961683436192,0.5960660859371065,-121430.45383163262,-0.01915136965201039,8.357732922097115,False,True,0.254495854337437,9.667250776930985
BOTH,1000000000.0,2.0,none,composite_score,30_80,technology_industrials_only,focused_challenger_3be836a7,closed_limit_up_with_prior_momentum_filter,cfa519f35d96,0.7506266259505215,4289202.345202334,6289202.345202334,2.144601172601167,0.5960878364551678,-121430.96255221497,-0.019150813121407692,8.361874824434064,False,True,0.25335714500268974,9.675073418310227
BOTH,1000000000.0,2.0,none,volume_ratio_20d,30_80,technology_industrials_only,focused_challenger_183233d1,closed_limit_up_with_prior_momentum_filter,c44dac2cd468,0.7509073866276859,4298388.510762181,6298388.510762181,2.1491942553810905,0.5970388244829605,-121468.19490638096,-0.019128853102456572,8.378011187092818,False,True,0.25309834434447653,9.769937523048279
BOTH,1000000000.0,2.0,none,day0_turnover_twd,30_80,technology_industrials_only,focused_challenger_023c02eb,closed_limit_up_with_prior_momentum_filter,816471043998,0.7499339941485829,4282280.485877578,6282280.485877578,2.141140242938789,0.5953707150324097,-121403.15837832261,-0.0191674418577141,8.357752568318224,False,True,0.254033148068322,9.649997178715598
BOTH,1000000000.0,2.0,none,fill_quality_score,30_80,technology_industrials_only,focused_challenger_ab883594,closed_limit_up_with_prior_momentum_filter,6ed640fe7125,0.7494873600851716,4288992.336687239,6288992.336687239,2.1444961683436192,0.5960660859371065,-121430.45383163262,-0.01915136965201039,8.357732922097115,False,True,0.254495854337437,9.667250776930985
TPEX,1000000000.0,1.2,none,fill_quality_score,30_80,technology_industrials_only,focused_challenger_cd716fca,closed_limit_up_with_prior_momentum_filter,2495061fba1f,0.7494873600851716,4288992.336687239,6288992.336687239,2.1444961683436192,0.5960660859371065,-121430.45383163262,-0.01915136965201039,8.357732922097115,False,True,0.254495854337437,9.667250776930985
TPEX,1000000000.0,1.2,none,day0_turnover_twd,30_80,technology_industrials_only,focused_challenger_daf42209,closed_limit_up_with_prior_momentum_filter,ce29d6be5280,0.7499339941485829,4282280.485877578,6282280.485877578,2.141140242938789,0.5953707150324097,-121403.15837832261,-0.0191674418577141,8.357752568318224,False,True,0.254033148068322,9.649997178715598
TPEX,1000000000.0,1.2,none,composite_score,30_80,avoid_healthcare_materials,focused_challenger_41156439,closed_limit_up_with_prior_momentum_filter,61b5214a876f,0.7506266259505215,4289202.345202334,6289202.345202334,2.144601172601167,0.5960878364551678,-121430.96255221497,-0.019150813121407692,8.361874824434064,False,True,0.25335714500268974,9.675073418310227
BOTH,1000000000.0,1.5,none,composite_score,30_80,technology_industrials_only,focused_challenger_1fe876a1,closed_limit_up_with_prior_momentum_filter,025f36240f06,0.7506266259505215,4289202.345202334,6289202.345202334,2.144601172601167,0.5960878364551678,-121430.96255221497,-0.019150813121407692,8.361874824434064,False,True,0.25335714500268974,9.675073418310227
BOTH,1000000000.0,1.5,none,volume_ratio_20d,30_80,technology_industrials_only,focused_challenger_23342336,closed_limit_up_with_prior_momentum_filter,9e7ca813cd21,0.7509073866276859,4298388.510762181,6298388.510762181,2.1491942553810905,0.5970388244829605,-121468.19490638096,-0.019128853102456572,8.378011187092818,False,True,0.25309834434447653,9.769937523048279
BOTH,1000000000.0,1.5,none,day0_turnover_twd,30_80,technology_industrials_only,focused_challenger_ece3e1d8,closed_limit_up_with_prior_momentum_filter,231392fa5bb6,0.7499339941485829,4282280.485877578,6282280.485877578,2.141140242938789,0.5953707150324097,-121403.15837832261,-0.0191674418577141,8.357752568318224,False,True,0.254033148068322,9.649997178715598
BOTH,1000000000.0,1.5,none,fill_quality_score,30_80,technology_industrials_only,focused_challenger_8cd2a12c,closed_limit_up_with_prior_momentum_filter,a274bc46f0ca,0.7494873600851716,4288992.336687239,6288992.336687239,2.1444961683436192,0.5960660859371065,-121430.45383163262,-0.01915136965201039,8.357732922097115,False,True,0.254495854337437,9.667250776930985
TPEX,1000000000.0,2.0,none,fill_quality_score,30_80,technology_industrials_only,focused_challenger_2422e467,closed_limit_up_with_prior_momentum_filter,38b087de206a,0.7494873600851716,4288992.336687239,6288992.336687239,2.1444961683436192,0.5960660859371065,-121430.45383163262,-0.01915136965201039,8.357732922097115,False,True,0.254495854337437,9.667250776930985
TPEX,1000000000.0,1.2,none,volume_ratio_20d,30_80,technology_industrials_only,focused_challenger_561e9272,closed_limit_up_with_prior_momentum_filter,9d32391da1b3,0.7509073866276859,4298388.510762181,6298388.510762181,2.1491942553810905,0.5970388244829605,-121468.19490638096,-0.019128853102456572,8.378011187092818,False,True,0.25309834434447653,9.769937523048279
TPEX,1000000000.0,1.5,none,volume_ratio_20d,30_80,technology_industrials_only,focused_challenger_e7de1e01,closed_limit_up_with_prior_momentum_filter,d0d1ffc4edfa,0.7509073866276859,4298388.510762181,6298388.510762181,2.1491942553810905,0.5970388244829605,-121468.19490638096,-0.019128853102456572,8.378011187092818,False,True,0.25309834434447653,9.769937523048279
TPEX,1000000000.0,2.0,none,day0_turnover_twd,30_80,avoid_healthcare_materials,focused_challenger_9e9c7b23,closed_limit_up_with_prior_momentum_filter,52cee50e71b1,0.7499339941485829,4282280.485877578,6282280.485877578,2.141140242938789,0.5953707150324097,-121403.15837832261,-0.0191674418577141,8.357752568318224,False,True,0.254033148068322,9.649997178715598
TPEX,1000000000.0,1.5,none,composite_score,30_80,avoid_healthcare_materials,focused_challenger_f85473fd,closed_limit_up_with_prior_momentum_filter,51bd59365caa,0.7506266259505215,4289202.345202334,6289202.345202334,2.144601172601167,0.5960878364551678,-121430.96255221497,-0.019150813121407692,8.361874824434064,False,True,0.25335714500268974,9.675073418310227
TPEX,1000000000.0,2.0,none,volume_ratio_20d,30_80,technology_industrials_only,focused_challenger_c5e934d4,closed_limit_up_with_prior_momentum_filter,8fe50edc243c,0.7509073866276859,4298388.510762181,6298388.510762181,2.1491942553810905,0.5970388244829605,-121468.19490638096,-0.019128853102456572,8.378011187092818,False,True,0.25309834434447653,9.769937523048279
TPEX,1000000000.0,1.5,none,composite_score,30_80,technology_industrials_only,focused_challenger_871fda45,closed_limit_up_with_prior_momentum_filter,6f4fd7a9c385,0.7506266259505215,4289202.345202334,6289202.345202334,2.144601172601167,0.5960878364551678,-121430.96255221497,-0.019150813121407692,8.361874824434064,False,True,0.25335714500268974,9.675073418310227
TPEX,1000000000.0,2.0,none,fill_quality_score,30_80,avoid_healthcare_materials,focused_challenger_9593d666,closed_limit_up_with_prior_momentum_filter,34824e905973,0.7494873600851716,4288992.336687239,6288992.336687239,2.1444961683436192,0.5960660859371065,-121430.45383163262,-0.01915136965201039,8.357732922097115,False,True,0.254495854337437,9.667250776930985
TPEX,1000000000.0,2.0,none,composite_score,30_80,technology_industrials_only,focused_challenger_f24d65e1,closed_limit_up_with_prior_momentum_filter,4254e63280e9,0.7506266259505215,4289202.345202334,6289202.345202334,2.144601172601167,0.5960878364551678,-121430.96255221497,-0.019150813121407692,8.361874824434064,False,True,0.25335714500268974,9.675073418310227
TPEX,1000000000.0,2.0,none,composite_score,30_80,avoid_healthcare_materials,focused_challenger_7ce83349,closed_limit_up_with_prior_momentum_filter,07fa50430479,0.7506266259505215,4289202.345202334,6289202.345202334,2.144601172601167,0.5960878364551678,-121430.96255221497,-0.019150813121407692,8.361874824434064,False,True,0.25335714500268974,9.675073418310227
TPEX,1000000000.0,2.0,none,day0_turnover_twd,30_80,technology_industrials_only,focused_challenger_be56a318,closed_limit_up_with_prior_momentum_filter,74c193113751,0.7499339941485829,4282280.485877578,6282280.485877578,2.141140242938789,0.5953707150324097,-121403.15837832261,-0.0191674418577141,8.357752568318224,False,True,0.254033148068322,9.649997178715598
TPEX,1000000000.0,2.0,none,volume_ratio_20d,30_80,avoid_healthcare_materials,focused_challenger_62017e8d,closed_limit_up_with_prior_momentum_filter,619bed7ec657,0.7509073866276859,4298388.510762181,6298388.510762181,2.1491942553810905,0.5970388244829605,-121468.19490638096,-0.019128853102456572,8.378011187092818,False,True,0.25309834434447653,9.769937523048279
TPEX,1000000000.0,1.2,none,composite_score,30_80,avoid_healthcare_materials_semiconductor_cap_25,focused_challenger_ed655ff6,closed_limit_up_with_prior_momentum_filter,066bcb9d2566,0.7406828599347355,4225292.791026417,6225292.791026417,2.1126463955132087,0.589448794798811,-121179.43730960973,-0.019306569383833027,8.445452938156668,False,True,0.2631451547560505,9.664227808923025
TPEX,1000000000.0,1.5,none,composite_score,30_80,avoid_healthcare_materials_semiconductor_cap_25,focused_challenger_b291a3a1,closed_limit_up_with_prior_momentum_filter,c4856a866c76,0.7406828599347355,4225292.791026417,6225292.791026417,2.1126463955132087,0.589448794798811,-121179.43730960973,-0.019306569383833027,8.445452938156668,False,True,0.2631451547560505,9.664227808923025
TPEX,1000000000.0,2.0,none,composite_score,30_80,avoid_healthcare_materials_semiconductor_cap_25,focused_challenger_f1a0e152,closed_limit_up_with_prior_momentum_filter,142c1246b9d4,0.7406828599347355,4225292.791026417,6225292.791026417,2.1126463955132087,0.589448794798811,-121179.43730960973,-0.019306569383833027,8.445452938156668,False,True,0.2631451547560505,9.664227808923025
TPEX,1000000000.0,1.5,none,fill_quality_score,30_80,avoid_healthcare_materials_semiconductor_cap_25,focused_challenger_d184a5b4,closed_limit_up_with_prior_momentum_filter,b009dec9b41f,0.74689914592992,4259623.739436802,6259623.739436802,2.1298118697184014,0.5930201449574759,-121312.99519926123,-0.01922226091998649,8.422243679499697,False,True,0.25701317722471245,9.736057927270993
TPEX,1000000000.0,1.2,none,fill_quality_score,30_80,avoid_healthcare_materials_semiconductor_cap_25,focused_challenger_09f66a7e,closed_limit_up_with_prior_momentum_filter,53e71f2d505a,0.74689914592992,4259623.739436802,6259623.739436802,2.1298118697184014,0.5930201449574759,-121312.99519926123,-0.01922226091998649,8.422243679499697,False,True,0.25701317722471245,9.736057927270993
