config_hash,event_types,event_type_count,min_turnover_twd,min_volume_ratio_20d,min_close_location,take_profit_pct,stop_loss_pct,path_assumption,market,require_foreign_not_selling_heavily,require_investment_trust_buying,avoid_margin_overcrowded,prefer_short_balance_rising_before_limit_up,foreign_heavy_sell_threshold,margin_crowding_threshold,fixed_notional_twd,commission_rate,commission_discount,sell_tax_rate,slippage_bps_per_side,minimum_commission_twd,capacity_participation_rate,train_start,train_end,test_start,test_end,train_rank_eligible,train_rank_score,train_trades,train_net_pnl,train_avg_net_return,train_median_net_return,train_win_rate,train_profit_factor,train_max_drawdown,train_daily_sharpe,train_avg_holding_minutes,train_avg_liquidity_twd,train_annualized_turnover_twd,train_capacity_proxy_twd,test_trades,test_net_pnl,test_avg_net_return,test_median_net_return,test_win_rate,test_profit_factor,test_max_drawdown,test_daily_sharpe,test_avg_holding_minutes,test_avg_liquidity_twd,test_annualized_turnover_twd,test_capacity_proxy_twd
e9e36cd403f9a783,near_limit_8_9,1,200000000.0,5.0,0.85,0.015,0.01,close_only,TWSE,False,False,False,False,-0.05,5.0,100000.0,0.001425,0.28,0.0015,5.0,20.0,0.05,2023-01-01,2024-12-31,2025-01-01,2026-06-24,True,15764.506349999983,28,15764.506349999983,0.0063455538268327,0.0017361549486461,0.5714285714285714,1.8513765084353533,-14785.95725,1.7723119493790702,270.0,1440812735.7142856,2383943.279753762,29489305.65,16,-12371.65759999997,-0.0112824291805411,-0.0044505557124518,0.4375,0.4028816468582267,-13920.46209999997,-5.756681108514816,270.0,3502022578.125,1774472.4305555555,91605621.325
214e2a87f726c92f,near_limit_8_9,1,200000000.0,5.0,0.85,0.015,0.015,close_only,TWSE,False,False,False,False,-0.05,5.0,100000.0,0.001425,0.28,0.0015,5.0,20.0,0.05,2023-01-01,2024-12-31,2025-01-01,2026-06-24,True,15764.506349999983,28,15764.506349999983,0.0063455538268327,0.0017361549486461,0.5714285714285714,1.8513765084353533,-14785.95725,1.7723119493790702,270.0,1440812735.7142856,2383943.279753762,29489305.65,16,-12371.65759999997,-0.0112824291805411,-0.0044505557124518,0.4375,0.4028816468582267,-13920.46209999997,-5.756681108514816,270.0,3502022578.125,1774472.4305555555,91605621.325
b7adde236b9fa4c1,near_limit_8_9,1,200000000.0,5.0,0.85,0.015,0.02,close_only,TWSE,False,False,False,False,-0.05,5.0,100000.0,0.001425,0.28,0.0015,5.0,20.0,0.05,2023-01-01,2024-12-31,2025-01-01,2026-06-24,True,15764.506349999983,28,15764.506349999983,0.0063455538268327,0.0017361549486461,0.5714285714285714,1.8513765084353533,-14785.95725,1.7723119493790702,270.0,1440812735.7142856,2383943.279753762,29489305.65,16,-12371.65759999997,-0.0112824291805411,-0.0044505557124518,0.4375,0.4028816468582267,-13920.46209999997,-5.756681108514816,270.0,3502022578.125,1774472.4305555555,91605621.325
3d28b4172a87bde6,near_limit_8_9,1,200000000.0,5.0,0.85,0.015,0.03,close_only,TWSE,False,False,False,False,-0.05,5.0,100000.0,0.001425,0.28,0.0015,5.0,20.0,0.05,2023-01-01,2024-12-31,2025-01-01,2026-06-24,True,15764.506349999983,28,15764.506349999983,0.0063455538268327,0.0017361549486461,0.5714285714285714,1.8513765084353533,-14785.95725,1.7723119493790702,270.0,1440812735.7142856,2383943.279753762,29489305.65,16,-12371.65759999997,-0.0112824291805411,-0.0044505557124518,0.4375,0.4028816468582267,-13920.46209999997,-5.756681108514816,270.0,3502022578.125,1774472.4305555555,91605621.325
aaa669eabd17946e,near_limit_8_9,1,200000000.0,5.0,0.85,0.02,0.01,close_only,TWSE,False,False,False,False,-0.05,5.0,100000.0,0.001425,0.28,0.0015,5.0,20.0,0.05,2023-01-01,2024-12-31,2025-01-01,2026-06-24,True,15764.506349999983,28,15764.506349999983,0.0063455538268327,0.0017361549486461,0.5714285714285714,1.8513765084353533,-14785.95725,1.7723119493790702,270.0,1440812735.7142856,2383943.279753762,29489305.65,16,-12371.65759999997,-0.0112824291805411,-0.0044505557124518,0.4375,0.4028816468582267,-13920.46209999997,-5.756681108514816,270.0,3502022578.125,1774472.4305555555,91605621.325
0c3b0f172374e9c7,near_limit_8_9,1,200000000.0,5.0,0.85,0.02,0.015,close_only,TWSE,False,False,False,False,-0.05,5.0,100000.0,0.001425,0.28,0.0015,5.0,20.0,0.05,2023-01-01,2024-12-31,2025-01-01,2026-06-24,True,15764.506349999983,28,15764.506349999983,0.0063455538268327,0.0017361549486461,0.5714285714285714,1.8513765084353533,-14785.95725,1.7723119493790702,270.0,1440812735.7142856,2383943.279753762,29489305.65,16,-12371.65759999997,-0.0112824291805411,-0.0044505557124518,0.4375,0.4028816468582267,-13920.46209999997,-5.756681108514816,270.0,3502022578.125,1774472.4305555555,91605621.325
663ffd2e62d1e764,near_limit_8_9,1,200000000.0,5.0,0.85,0.02,0.02,close_only,TWSE,False,False,False,False,-0.05,5.0,100000.0,0.001425,0.28,0.0015,5.0,20.0,0.05,2023-01-01,2024-12-31,2025-01-01,2026-06-24,True,15764.506349999983,28,15764.506349999983,0.0063455538268327,0.0017361549486461,0.5714285714285714,1.8513765084353533,-14785.95725,1.7723119493790702,270.0,1440812735.7142856,2383943.279753762,29489305.65,16,-12371.65759999997,-0.0112824291805411,-0.0044505557124518,0.4375,0.4028816468582267,-13920.46209999997,-5.756681108514816,270.0,3502022578.125,1774472.4305555555,91605621.325
f2f40bc1c13e6499,near_limit_8_9,1,200000000.0,5.0,0.85,0.02,0.03,close_only,TWSE,False,False,False,False,-0.05,5.0,100000.0,0.001425,0.28,0.0015,5.0,20.0,0.05,2023-01-01,2024-12-31,2025-01-01,2026-06-24,True,15764.506349999983,28,15764.506349999983,0.0063455538268327,0.0017361549486461,0.5714285714285714,1.8513765084353533,-14785.95725,1.7723119493790702,270.0,1440812735.7142856,2383943.279753762,29489305.65,16,-12371.65759999997,-0.0112824291805411,-0.0044505557124518,0.4375,0.4028816468582267,-13920.46209999997,-5.756681108514816,270.0,3502022578.125,1774472.4305555555,91605621.325
95d59c752bf5fa8f,near_limit_8_9,1,200000000.0,5.0,0.85,0.03,0.01,close_only,TWSE,False,False,False,False,-0.05,5.0,100000.0,0.001425,0.28,0.0015,5.0,20.0,0.05,2023-01-01,2024-12-31,2025-01-01,2026-06-24,True,15764.506349999983,28,15764.506349999983,0.0063455538268327,0.0017361549486461,0.5714285714285714,1.8513765084353533,-14785.95725,1.7723119493790702,270.0,1440812735.7142856,2383943.279753762,29489305.65,16,-12371.65759999997,-0.0112824291805411,-0.0044505557124518,0.4375,0.4028816468582267,-13920.46209999997,-5.756681108514816,270.0,3502022578.125,1774472.4305555555,91605621.325
4b141c4918bd413d,near_limit_8_9,1,200000000.0,5.0,0.85,0.03,0.015,close_only,TWSE,False,False,False,False,-0.05,5.0,100000.0,0.001425,0.28,0.0015,5.0,20.0,0.05,2023-01-01,2024-12-31,2025-01-01,2026-06-24,True,15764.506349999983,28,15764.506349999983,0.0063455538268327,0.0017361549486461,0.5714285714285714,1.8513765084353533,-14785.95725,1.7723119493790702,270.0,1440812735.7142856,2383943.279753762,29489305.65,16,-12371.65759999997,-0.0112824291805411,-0.0044505557124518,0.4375,0.4028816468582267,-13920.46209999997,-5.756681108514816,270.0,3502022578.125,1774472.4305555555,91605621.325
94267a7d7dfff4fb,near_limit_8_9,1,200000000.0,5.0,0.85,0.03,0.02,close_only,TWSE,False,False,False,False,-0.05,5.0,100000.0,0.001425,0.28,0.0015,5.0,20.0,0.05,2023-01-01,2024-12-31,2025-01-01,2026-06-24,True,15764.506349999983,28,15764.506349999983,0.0063455538268327,0.0017361549486461,0.5714285714285714,1.8513765084353533,-14785.95725,1.7723119493790702,270.0,1440812735.7142856,2383943.279753762,29489305.65,16,-12371.65759999997,-0.0112824291805411,-0.0044505557124518,0.4375,0.4028816468582267,-13920.46209999997,-5.756681108514816,270.0,3502022578.125,1774472.4305555555,91605621.325
ba3cfeae75abc42e,near_limit_8_9,1,200000000.0,5.0,0.85,0.03,0.03,close_only,TWSE,False,False,False,False,-0.05,5.0,100000.0,0.001425,0.28,0.0015,5.0,20.0,0.05,2023-01-01,2024-12-31,2025-01-01,2026-06-24,True,15764.506349999983,28,15764.506349999983,0.0063455538268327,0.0017361549486461,0.5714285714285714,1.8513765084353533,-14785.95725,1.7723119493790702,270.0,1440812735.7142856,2383943.279753762,29489305.65,16,-12371.65759999997,-0.0112824291805411,-0.0044505557124518,0.4375,0.4028816468582267,-13920.46209999997,-5.756681108514816,270.0,3502022578.125,1774472.4305555555,91605621.325
229501f295ba3ecd,near_limit_8_9,1,200000000.0,5.0,0.85,0.04,0.01,close_only,TWSE,False,False,False,False,-0.05,5.0,100000.0,0.001425,0.28,0.0015,5.0,20.0,0.05,2023-01-01,2024-12-31,2025-01-01,2026-06-24,True,15764.506349999983,28,15764.506349999983,0.0063455538268327,0.0017361549486461,0.5714285714285714,1.8513765084353533,-14785.95725,1.7723119493790702,270.0,1440812735.7142856,2383943.279753762,29489305.65,16,-12371.65759999997,-0.0112824291805411,-0.0044505557124518,0.4375,0.4028816468582267,-13920.46209999997,-5.756681108514816,270.0,3502022578.125,1774472.4305555555,91605621.325
11ba2248254d772e,near_limit_8_9,1,200000000.0,5.0,0.85,0.04,0.015,close_only,TWSE,False,False,False,False,-0.05,5.0,100000.0,0.001425,0.28,0.0015,5.0,20.0,0.05,2023-01-01,2024-12-31,2025-01-01,2026-06-24,True,15764.506349999983,28,15764.506349999983,0.0063455538268327,0.0017361549486461,0.5714285714285714,1.8513765084353533,-14785.95725,1.7723119493790702,270.0,1440812735.7142856,2383943.279753762,29489305.65,16,-12371.65759999997,-0.0112824291805411,-0.0044505557124518,0.4375,0.4028816468582267,-13920.46209999997,-5.756681108514816,270.0,3502022578.125,1774472.4305555555,91605621.325
b64869b65eb2bf0d,near_limit_8_9,1,200000000.0,5.0,0.85,0.04,0.02,close_only,TWSE,False,False,False,False,-0.05,5.0,100000.0,0.001425,0.28,0.0015,5.0,20.0,0.05,2023-01-01,2024-12-31,2025-01-01,2026-06-24,True,15764.506349999983,28,15764.506349999983,0.0063455538268327,0.0017361549486461,0.5714285714285714,1.8513765084353533,-14785.95725,1.7723119493790702,270.0,1440812735.7142856,2383943.279753762,29489305.65,16,-12371.65759999997,-0.0112824291805411,-0.0044505557124518,0.4375,0.4028816468582267,-13920.46209999997,-5.756681108514816,270.0,3502022578.125,1774472.4305555555,91605621.325
f147be5670664759,near_limit_8_9,1,200000000.0,5.0,0.85,0.04,0.03,close_only,TWSE,False,False,False,False,-0.05,5.0,100000.0,0.001425,0.28,0.0015,5.0,20.0,0.05,2023-01-01,2024-12-31,2025-01-01,2026-06-24,True,15764.506349999983,28,15764.506349999983,0.0063455538268327,0.0017361549486461,0.5714285714285714,1.8513765084353533,-14785.95725,1.7723119493790702,270.0,1440812735.7142856,2383943.279753762,29489305.65,16,-12371.65759999997,-0.0112824291805411,-0.0044505557124518,0.4375,0.4028816468582267,-13920.46209999997,-5.756681108514816,270.0,3502022578.125,1774472.4305555555,91605621.325
af128f8eac6bb548,near_limit_8_9+near_limit_9_10,2,500000000.0,5.0,0.85,0.015,0.01,close_only,BOTH,False,False,False,False,-0.05,5.0,100000.0,0.001425,0.28,0.0015,5.0,20.0,0.05,2023-01-01,2024-12-31,2025-01-01,2026-06-24,True,12129.534449999994,33,12129.534449999994,0.00471424364306,0.0017403888888888,0.5151515151515151,1.4230558129379496,-19813.3678,1.781504629595131,270.0,1766169807.1515152,2667898.9227086185,41919668.900000006,20,-27432.178699999968,-0.0186950628213788,-0.0183714475230007,0.35,0.217940646842745,-27529.621399999967,-9.459008516643696,270.0,3472550550.6,2172797.8472222225,108771234.6
f88c5efc96e0c067,near_limit_8_9+near_limit_9_10,2,500000000.0,5.0,0.85,0.015,0.015,close_only,BOTH,False,False,False,False,-0.05,5.0,100000.0,0.001425,0.28,0.0015,5.0,20.0,0.05,2023-01-01,2024-12-31,2025-01-01,2026-06-24,True,12129.534449999994,33,12129.534449999994,0.00471424364306,0.0017403888888888,0.5151515151515151,1.4230558129379496,-19813.3678,1.781504629595131,270.0,1766169807.1515152,2667898.9227086185,41919668.900000006,20,-27432.178699999968,-0.0186950628213788,-0.0183714475230007,0.35,0.217940646842745,-27529.621399999967,-9.459008516643696,270.0,3472550550.6,2172797.8472222225,108771234.6
04e3af0fde8565da,near_limit_8_9+near_limit_9_10,2,500000000.0,5.0,0.85,0.015,0.02,close_only,BOTH,False,False,False,False,-0.05,5.0,100000.0,0.001425,0.28,0.0015,5.0,20.0,0.05,2023-01-01,2024-12-31,2025-01-01,2026-06-24,True,12129.534449999994,33,12129.534449999994,0.00471424364306,0.0017403888888888,0.5151515151515151,1.4230558129379496,-19813.3678,1.781504629595131,270.0,1766169807.1515152,2667898.9227086185,41919668.900000006,20,-27432.178699999968,-0.0186950628213788,-0.0183714475230007,0.35,0.217940646842745,-27529.621399999967,-9.459008516643696,270.0,3472550550.6,2172797.8472222225,108771234.6
27e354de2fdad673,near_limit_8_9+near_limit_9_10,2,500000000.0,5.0,0.85,0.015,0.03,close_only,BOTH,False,False,False,False,-0.05,5.0,100000.0,0.001425,0.28,0.0015,5.0,20.0,0.05,2023-01-01,2024-12-31,2025-01-01,2026-06-24,True,12129.534449999994,33,12129.534449999994,0.00471424364306,0.0017403888888888,0.5151515151515151,1.4230558129379496,-19813.3678,1.781504629595131,270.0,1766169807.1515152,2667898.9227086185,41919668.900000006,20,-27432.178699999968,-0.0186950628213788,-0.0183714475230007,0.35,0.217940646842745,-27529.621399999967,-9.459008516643696,270.0,3472550550.6,2172797.8472222225,108771234.6
0990c36f27521a41,near_limit_8_9+near_limit_9_10,2,500000000.0,5.0,0.85,0.02,0.01,close_only,BOTH,False,False,False,False,-0.05,5.0,100000.0,0.001425,0.28,0.0015,5.0,20.0,0.05,2023-01-01,2024-12-31,2025-01-01,2026-06-24,True,12129.534449999994,33,12129.534449999994,0.00471424364306,0.0017403888888888,0.5151515151515151,1.4230558129379496,-19813.3678,1.781504629595131,270.0,1766169807.1515152,2667898.9227086185,41919668.900000006,20,-27432.178699999968,-0.0186950628213788,-0.0183714475230007,0.35,0.217940646842745,-27529.621399999967,-9.459008516643696,270.0,3472550550.6,2172797.8472222225,108771234.6
4401843201723669,near_limit_8_9+near_limit_9_10,2,500000000.0,5.0,0.85,0.02,0.015,close_only,BOTH,False,False,False,False,-0.05,5.0,100000.0,0.001425,0.28,0.0015,5.0,20.0,0.05,2023-01-01,2024-12-31,2025-01-01,2026-06-24,True,12129.534449999994,33,12129.534449999994,0.00471424364306,0.0017403888888888,0.5151515151515151,1.4230558129379496,-19813.3678,1.781504629595131,270.0,1766169807.1515152,2667898.9227086185,41919668.900000006,20,-27432.178699999968,-0.0186950628213788,-0.0183714475230007,0.35,0.217940646842745,-27529.621399999967,-9.459008516643696,270.0,3472550550.6,2172797.8472222225,108771234.6
ebda563e7d2fba6b,near_limit_8_9+near_limit_9_10,2,500000000.0,5.0,0.85,0.02,0.02,close_only,BOTH,False,False,False,False,-0.05,5.0,100000.0,0.001425,0.28,0.0015,5.0,20.0,0.05,2023-01-01,2024-12-31,2025-01-01,2026-06-24,True,12129.534449999994,33,12129.534449999994,0.00471424364306,0.0017403888888888,0.5151515151515151,1.4230558129379496,-19813.3678,1.781504629595131,270.0,1766169807.1515152,2667898.9227086185,41919668.900000006,20,-27432.178699999968,-0.0186950628213788,-0.0183714475230007,0.35,0.217940646842745,-27529.621399999967,-9.459008516643696,270.0,3472550550.6,2172797.8472222225,108771234.6
1dac4dc82d9d9b71,near_limit_8_9+near_limit_9_10,2,500000000.0,5.0,0.85,0.02,0.03,close_only,BOTH,False,False,False,False,-0.05,5.0,100000.0,0.001425,0.28,0.0015,5.0,20.0,0.05,2023-01-01,2024-12-31,2025-01-01,2026-06-24,True,12129.534449999994,33,12129.534449999994,0.00471424364306,0.0017403888888888,0.5151515151515151,1.4230558129379496,-19813.3678,1.781504629595131,270.0,1766169807.1515152,2667898.9227086185,41919668.900000006,20,-27432.178699999968,-0.0186950628213788,-0.0183714475230007,0.35,0.217940646842745,-27529.621399999967,-9.459008516643696,270.0,3472550550.6,2172797.8472222225,108771234.6
95578f86bf6d98dc,near_limit_8_9+near_limit_9_10,2,500000000.0,5.0,0.85,0.03,0.01,close_only,BOTH,False,False,False,False,-0.05,5.0,100000.0,0.001425,0.28,0.0015,5.0,20.0,0.05,2023-01-01,2024-12-31,2025-01-01,2026-06-24,True,12129.534449999994,33,12129.534449999994,0.00471424364306,0.0017403888888888,0.5151515151515151,1.4230558129379496,-19813.3678,1.781504629595131,270.0,1766169807.1515152,2667898.9227086185,41919668.900000006,20,-27432.178699999968,-0.0186950628213788,-0.0183714475230007,0.35,0.217940646842745,-27529.621399999967,-9.459008516643696,270.0,3472550550.6,2172797.8472222225,108771234.6
f528db4abfbe7559,near_limit_8_9+near_limit_9_10,2,500000000.0,5.0,0.85,0.03,0.015,close_only,BOTH,False,False,False,False,-0.05,5.0,100000.0,0.001425,0.28,0.0015,5.0,20.0,0.05,2023-01-01,2024-12-31,2025-01-01,2026-06-24,True,12129.534449999994,33,12129.534449999994,0.00471424364306,0.0017403888888888,0.5151515151515151,1.4230558129379496,-19813.3678,1.781504629595131,270.0,1766169807.1515152,2667898.9227086185,41919668.900000006,20,-27432.178699999968,-0.0186950628213788,-0.0183714475230007,0.35,0.217940646842745,-27529.621399999967,-9.459008516643696,270.0,3472550550.6,2172797.8472222225,108771234.6
f34473c7e26e0701,near_limit_8_9+near_limit_9_10,2,500000000.0,5.0,0.85,0.03,0.02,close_only,BOTH,False,False,False,False,-0.05,5.0,100000.0,0.001425,0.28,0.0015,5.0,20.0,0.05,2023-01-01,2024-12-31,2025-01-01,2026-06-24,True,12129.534449999994,33,12129.534449999994,0.00471424364306,0.0017403888888888,0.5151515151515151,1.4230558129379496,-19813.3678,1.781504629595131,270.0,1766169807.1515152,2667898.9227086185,41919668.900000006,20,-27432.178699999968,-0.0186950628213788,-0.0183714475230007,0.35,0.217940646842745,-27529.621399999967,-9.459008516643696,270.0,3472550550.6,2172797.8472222225,108771234.6
2de92fa0dce45d95,near_limit_8_9+near_limit_9_10,2,500000000.0,5.0,0.85,0.03,0.03,close_only,BOTH,False,False,False,False,-0.05,5.0,100000.0,0.001425,0.28,0.0015,5.0,20.0,0.05,2023-01-01,2024-12-31,2025-01-01,2026-06-24,True,12129.534449999994,33,12129.534449999994,0.00471424364306,0.0017403888888888,0.5151515151515151,1.4230558129379496,-19813.3678,1.781504629595131,270.0,1766169807.1515152,2667898.9227086185,41919668.900000006,20,-27432.178699999968,-0.0186950628213788,-0.0183714475230007,0.35,0.217940646842745,-27529.621399999967,-9.459008516643696,270.0,3472550550.6,2172797.8472222225,108771234.6
b6f6d0b214bb133e,near_limit_8_9+near_limit_9_10,2,500000000.0,5.0,0.85,0.04,0.01,close_only,BOTH,False,False,False,False,-0.05,5.0,100000.0,0.001425,0.28,0.0015,5.0,20.0,0.05,2023-01-01,2024-12-31,2025-01-01,2026-06-24,True,12129.534449999994,33,12129.534449999994,0.00471424364306,0.0017403888888888,0.5151515151515151,1.4230558129379496,-19813.3678,1.781504629595131,270.0,1766169807.1515152,2667898.9227086185,41919668.900000006,20,-27432.178699999968,-0.0186950628213788,-0.0183714475230007,0.35,0.217940646842745,-27529.621399999967,-9.459008516643696,270.0,3472550550.6,2172797.8472222225,108771234.6
45e3d5d2215e7ab1,near_limit_8_9+near_limit_9_10,2,500000000.0,5.0,0.85,0.04,0.015,close_only,BOTH,False,False,False,False,-0.05,5.0,100000.0,0.001425,0.28,0.0015,5.0,20.0,0.05,2023-01-01,2024-12-31,2025-01-01,2026-06-24,True,12129.534449999994,33,12129.534449999994,0.00471424364306,0.0017403888888888,0.5151515151515151,1.4230558129379496,-19813.3678,1.781504629595131,270.0,1766169807.1515152,2667898.9227086185,41919668.900000006,20,-27432.178699999968,-0.0186950628213788,-0.0183714475230007,0.35,0.217940646842745,-27529.621399999967,-9.459008516643696,270.0,3472550550.6,2172797.8472222225,108771234.6
fbfd3f241644360d,near_limit_8_9+near_limit_9_10,2,500000000.0,5.0,0.85,0.04,0.02,close_only,BOTH,False,False,False,False,-0.05,5.0,100000.0,0.001425,0.28,0.0015,5.0,20.0,0.05,2023-01-01,2024-12-31,2025-01-01,2026-06-24,True,12129.534449999994,33,12129.534449999994,0.00471424364306,0.0017403888888888,0.5151515151515151,1.4230558129379496,-19813.3678,1.781504629595131,270.0,1766169807.1515152,2667898.9227086185,41919668.900000006,20,-27432.178699999968,-0.0186950628213788,-0.0183714475230007,0.35,0.217940646842745,-27529.621399999967,-9.459008516643696,270.0,3472550550.6,2172797.8472222225,108771234.6
4ea340743f102620,near_limit_8_9+near_limit_9_10,2,500000000.0,5.0,0.85,0.04,0.03,close_only,BOTH,False,False,False,False,-0.05,5.0,100000.0,0.001425,0.28,0.0015,5.0,20.0,0.05,2023-01-01,2024-12-31,2025-01-01,2026-06-24,True,12129.534449999994,33,12129.534449999994,0.00471424364306,0.0017403888888888,0.5151515151515151,1.4230558129379496,-19813.3678,1.781504629595131,270.0,1766169807.1515152,2667898.9227086185,41919668.900000006,20,-27432.178699999968,-0.0186950628213788,-0.0183714475230007,0.35,0.217940646842745,-27529.621399999967,-9.459008516643696,270.0,3472550550.6,2172797.8472222225,108771234.6
29dbcc2993ebc467,near_limit_8_9+near_limit_9_10,2,500000000.0,5.0,0.8,0.015,0.01,close_only,BOTH,False,False,False,False,-0.05,5.0,100000.0,0.001425,0.28,0.0015,5.0,20.0,0.05,2023-01-01,2024-12-31,2025-01-01,2026-06-24,True,10268.971059999996,38,10268.971059999996,0.0035673268954425,-0.0023387682692307,0.4736842105263157,1.3059864877982592,-21673.93119,1.36529744222316,270.0,1661923660.7368422,3095411.3064295487,41668098.400000006,20,-27432.178699999968,-0.0186950628213788,-0.0183714475230007,0.35,0.217940646842745,-27529.621399999967,-9.459008516643696,270.0,3472550550.6,2172797.8472222225,108771234.6
e74c0c40a989b7ef,near_limit_8_9+near_limit_9_10,2,500000000.0,5.0,0.8,0.015,0.015,close_only,BOTH,False,False,False,False,-0.05,5.0,100000.0,0.001425,0.28,0.0015,5.0,20.0,0.05,2023-01-01,2024-12-31,2025-01-01,2026-06-24,True,10268.971059999996,38,10268.971059999996,0.0035673268954425,-0.0023387682692307,0.4736842105263157,1.3059864877982592,-21673.93119,1.36529744222316,270.0,1661923660.7368422,3095411.3064295487,41668098.400000006,20,-27432.178699999968,-0.0186950628213788,-0.0183714475230007,0.35,0.217940646842745,-27529.621399999967,-9.459008516643696,270.0,3472550550.6,2172797.8472222225,108771234.6
940aa5bf4bc16fe6,near_limit_8_9+near_limit_9_10,2,500000000.0,5.0,0.8,0.015,0.02,close_only,BOTH,False,False,False,False,-0.05,5.0,100000.0,0.001425,0.28,0.0015,5.0,20.0,0.05,2023-01-01,2024-12-31,2025-01-01,2026-06-24,True,10268.971059999996,38,10268.971059999996,0.0035673268954425,-0.0023387682692307,0.4736842105263157,1.3059864877982592,-21673.93119,1.36529744222316,270.0,1661923660.7368422,3095411.3064295487,41668098.400000006,20,-27432.178699999968,-0.0186950628213788,-0.0183714475230007,0.35,0.217940646842745,-27529.621399999967,-9.459008516643696,270.0,3472550550.6,2172797.8472222225,108771234.6
ed6ca87fb867e842,near_limit_8_9+near_limit_9_10,2,500000000.0,5.0,0.8,0.015,0.03,close_only,BOTH,False,False,False,False,-0.05,5.0,100000.0,0.001425,0.28,0.0015,5.0,20.0,0.05,2023-01-01,2024-12-31,2025-01-01,2026-06-24,True,10268.971059999996,38,10268.971059999996,0.0035673268954425,-0.0023387682692307,0.4736842105263157,1.3059864877982592,-21673.93119,1.36529744222316,270.0,1661923660.7368422,3095411.3064295487,41668098.400000006,20,-27432.178699999968,-0.0186950628213788,-0.0183714475230007,0.35,0.217940646842745,-27529.621399999967,-9.459008516643696,270.0,3472550550.6,2172797.8472222225,108771234.6
c173ed187aa94bcc,near_limit_8_9+near_limit_9_10,2,500000000.0,5.0,0.8,0.02,0.01,close_only,BOTH,False,False,False,False,-0.05,5.0,100000.0,0.001425,0.28,0.0015,5.0,20.0,0.05,2023-01-01,2024-12-31,2025-01-01,2026-06-24,True,10268.971059999996,38,10268.971059999996,0.0035673268954425,-0.0023387682692307,0.4736842105263157,1.3059864877982592,-21673.93119,1.36529744222316,270.0,1661923660.7368422,3095411.3064295487,41668098.400000006,20,-27432.178699999968,-0.0186950628213788,-0.0183714475230007,0.35,0.217940646842745,-27529.621399999967,-9.459008516643696,270.0,3472550550.6,2172797.8472222225,108771234.6
6669b3c0a1ed6af8,near_limit_8_9+near_limit_9_10,2,500000000.0,5.0,0.8,0.02,0.015,close_only,BOTH,False,False,False,False,-0.05,5.0,100000.0,0.001425,0.28,0.0015,5.0,20.0,0.05,2023-01-01,2024-12-31,2025-01-01,2026-06-24,True,10268.971059999996,38,10268.971059999996,0.0035673268954425,-0.0023387682692307,0.4736842105263157,1.3059864877982592,-21673.93119,1.36529744222316,270.0,1661923660.7368422,3095411.3064295487,41668098.400000006,20,-27432.178699999968,-0.0186950628213788,-0.0183714475230007,0.35,0.217940646842745,-27529.621399999967,-9.459008516643696,270.0,3472550550.6,2172797.8472222225,108771234.6
355a33ed93349d38,near_limit_8_9+near_limit_9_10,2,500000000.0,5.0,0.8,0.02,0.02,close_only,BOTH,False,False,False,False,-0.05,5.0,100000.0,0.001425,0.28,0.0015,5.0,20.0,0.05,2023-01-01,2024-12-31,2025-01-01,2026-06-24,True,10268.971059999996,38,10268.971059999996,0.0035673268954425,-0.0023387682692307,0.4736842105263157,1.3059864877982592,-21673.93119,1.36529744222316,270.0,1661923660.7368422,3095411.3064295487,41668098.400000006,20,-27432.178699999968,-0.0186950628213788,-0.0183714475230007,0.35,0.217940646842745,-27529.621399999967,-9.459008516643696,270.0,3472550550.6,2172797.8472222225,108771234.6
71d955a7b19b700a,near_limit_8_9+near_limit_9_10,2,500000000.0,5.0,0.8,0.02,0.03,close_only,BOTH,False,False,False,False,-0.05,5.0,100000.0,0.001425,0.28,0.0015,5.0,20.0,0.05,2023-01-01,2024-12-31,2025-01-01,2026-06-24,True,10268.971059999996,38,10268.971059999996,0.0035673268954425,-0.0023387682692307,0.4736842105263157,1.3059864877982592,-21673.93119,1.36529744222316,270.0,1661923660.7368422,3095411.3064295487,41668098.400000006,20,-27432.178699999968,-0.0186950628213788,-0.0183714475230007,0.35,0.217940646842745,-27529.621399999967,-9.459008516643696,270.0,3472550550.6,2172797.8472222225,108771234.6
ecbb8feb22a4c048,near_limit_8_9+near_limit_9_10,2,500000000.0,5.0,0.8,0.03,0.01,close_only,BOTH,False,False,False,False,-0.05,5.0,100000.0,0.001425,0.28,0.0015,5.0,20.0,0.05,2023-01-01,2024-12-31,2025-01-01,2026-06-24,True,10268.971059999996,38,10268.971059999996,0.0035673268954425,-0.0023387682692307,0.4736842105263157,1.3059864877982592,-21673.93119,1.36529744222316,270.0,1661923660.7368422,3095411.3064295487,41668098.400000006,20,-27432.178699999968,-0.0186950628213788,-0.0183714475230007,0.35,0.217940646842745,-27529.621399999967,-9.459008516643696,270.0,3472550550.6,2172797.8472222225,108771234.6
6e73244782d4da0d,near_limit_8_9+near_limit_9_10,2,500000000.0,5.0,0.8,0.03,0.015,close_only,BOTH,False,False,False,False,-0.05,5.0,100000.0,0.001425,0.28,0.0015,5.0,20.0,0.05,2023-01-01,2024-12-31,2025-01-01,2026-06-24,True,10268.971059999996,38,10268.971059999996,0.0035673268954425,-0.0023387682692307,0.4736842105263157,1.3059864877982592,-21673.93119,1.36529744222316,270.0,1661923660.7368422,3095411.3064295487,41668098.400000006,20,-27432.178699999968,-0.0186950628213788,-0.0183714475230007,0.35,0.217940646842745,-27529.621399999967,-9.459008516643696,270.0,3472550550.6,2172797.8472222225,108771234.6
4c49a09cae1e7121,near_limit_8_9+near_limit_9_10,2,500000000.0,5.0,0.8,0.03,0.02,close_only,BOTH,False,False,False,False,-0.05,5.0,100000.0,0.001425,0.28,0.0015,5.0,20.0,0.05,2023-01-01,2024-12-31,2025-01-01,2026-06-24,True,10268.971059999996,38,10268.971059999996,0.0035673268954425,-0.0023387682692307,0.4736842105263157,1.3059864877982592,-21673.93119,1.36529744222316,270.0,1661923660.7368422,3095411.3064295487,41668098.400000006,20,-27432.178699999968,-0.0186950628213788,-0.0183714475230007,0.35,0.217940646842745,-27529.621399999967,-9.459008516643696,270.0,3472550550.6,2172797.8472222225,108771234.6
d0e491d330a6468a,near_limit_8_9+near_limit_9_10,2,500000000.0,5.0,0.8,0.03,0.03,close_only,BOTH,False,False,False,False,-0.05,5.0,100000.0,0.001425,0.28,0.0015,5.0,20.0,0.05,2023-01-01,2024-12-31,2025-01-01,2026-06-24,True,10268.971059999996,38,10268.971059999996,0.0035673268954425,-0.0023387682692307,0.4736842105263157,1.3059864877982592,-21673.93119,1.36529744222316,270.0,1661923660.7368422,3095411.3064295487,41668098.400000006,20,-27432.178699999968,-0.0186950628213788,-0.0183714475230007,0.35,0.217940646842745,-27529.621399999967,-9.459008516643696,270.0,3472550550.6,2172797.8472222225,108771234.6
04135d8a41abbde3,near_limit_8_9+near_limit_9_10,2,500000000.0,5.0,0.8,0.04,0.01,close_only,BOTH,False,False,False,False,-0.05,5.0,100000.0,0.001425,0.28,0.0015,5.0,20.0,0.05,2023-01-01,2024-12-31,2025-01-01,2026-06-24,True,10268.971059999996,38,10268.971059999996,0.0035673268954425,-0.0023387682692307,0.4736842105263157,1.3059864877982592,-21673.93119,1.36529744222316,270.0,1661923660.7368422,3095411.3064295487,41668098.400000006,20,-27432.178699999968,-0.0186950628213788,-0.0183714475230007,0.35,0.217940646842745,-27529.621399999967,-9.459008516643696,270.0,3472550550.6,2172797.8472222225,108771234.6
57146fd727d92076,near_limit_8_9+near_limit_9_10,2,500000000.0,5.0,0.8,0.04,0.015,close_only,BOTH,False,False,False,False,-0.05,5.0,100000.0,0.001425,0.28,0.0015,5.0,20.0,0.05,2023-01-01,2024-12-31,2025-01-01,2026-06-24,True,10268.971059999996,38,10268.971059999996,0.0035673268954425,-0.0023387682692307,0.4736842105263157,1.3059864877982592,-21673.93119,1.36529744222316,270.0,1661923660.7368422,3095411.3064295487,41668098.400000006,20,-27432.178699999968,-0.0186950628213788,-0.0183714475230007,0.35,0.217940646842745,-27529.621399999967,-9.459008516643696,270.0,3472550550.6,2172797.8472222225,108771234.6
338ff25d8fbb8df8,near_limit_8_9+near_limit_9_10,2,500000000.0,5.0,0.8,0.04,0.02,close_only,BOTH,False,False,False,False,-0.05,5.0,100000.0,0.001425,0.28,0.0015,5.0,20.0,0.05,2023-01-01,2024-12-31,2025-01-01,2026-06-24,True,10268.971059999996,38,10268.971059999996,0.0035673268954425,-0.0023387682692307,0.4736842105263157,1.3059864877982592,-21673.93119,1.36529744222316,270.0,1661923660.7368422,3095411.3064295487,41668098.400000006,20,-27432.178699999968,-0.0186950628213788,-0.0183714475230007,0.35,0.217940646842745,-27529.621399999967,-9.459008516643696,270.0,3472550550.6,2172797.8472222225,108771234.6
899eddb135f72ff6,near_limit_8_9+near_limit_9_10,2,500000000.0,5.0,0.8,0.04,0.03,close_only,BOTH,False,False,False,False,-0.05,5.0,100000.0,0.001425,0.28,0.0015,5.0,20.0,0.05,2023-01-01,2024-12-31,2025-01-01,2026-06-24,True,10268.971059999996,38,10268.971059999996,0.0035673268954425,-0.0023387682692307,0.4736842105263157,1.3059864877982592,-21673.93119,1.36529744222316,270.0,1661923660.7368422,3095411.3064295487,41668098.400000006,20,-27432.178699999968,-0.0186950628213788,-0.0183714475230007,0.35,0.217940646842745,-27529.621399999967,-9.459008516643696,270.0,3472550550.6,2172797.8472222225,108771234.6
f5862491a45abd29,near_limit_8_9,1,50000000.0,5.0,0.9,0.015,0.01,close_only,TPEX,False,False,False,False,-0.05,5.0,100000.0,0.001425,0.28,0.0015,5.0,20.0,0.05,2023-01-01,2024-12-31,2025-01-01,2026-06-24,True,9998.431799999997,30,9998.431799999997,0.0040668285458222,0.0013133590928832,0.5,1.2390711584214311,-16608.2197,2.057717743494,270.0,327771245.03333336,2299326.1969904243,9300387.675,20,-22127.26765,-0.0141627030093078,-0.0110554076960147,0.5,0.2993951131885187,-23241.092349999995,-7.352985576909522,270.0,404350157.5,2128832.5694444445,13238622.1
fd8e449245fe8537,near_limit_8_9,1,50000000.0,5.0,0.9,0.015,0.015,close_only,TPEX,False,False,False,False,-0.05,5.0,100000.0,0.001425,0.28,0.0015,5.0,20.0,0.05,2023-01-01,2024-12-31,2025-01-01,2026-06-24,True,9998.431799999997,30,9998.431799999997,0.0040668285458222,0.0013133590928832,0.5,1.2390711584214311,-16608.2197,2.057717743494,270.0,327771245.03333336,2299326.1969904243,9300387.675,20,-22127.26765,-0.0141627030093078,-0.0110554076960147,0.5,0.2993951131885187,-23241.092349999995,-7.352985576909522,270.0,404350157.5,2128832.5694444445,13238622.1
96b12d4f68901347,near_limit_8_9,1,50000000.0,5.0,0.9,0.015,0.02,close_only,TPEX,False,False,False,False,-0.05,5.0,100000.0,0.001425,0.28,0.0015,5.0,20.0,0.05,2023-01-01,2024-12-31,2025-01-01,2026-06-24,True,9998.431799999997,30,9998.431799999997,0.0040668285458222,0.0013133590928832,0.5,1.2390711584214311,-16608.2197,2.057717743494,270.0,327771245.03333336,2299326.1969904243,9300387.675,20,-22127.26765,-0.0141627030093078,-0.0110554076960147,0.5,0.2993951131885187,-23241.092349999995,-7.352985576909522,270.0,404350157.5,2128832.5694444445,13238622.1
40cefea56a6b85be,near_limit_8_9,1,50000000.0,5.0,0.9,0.015,0.03,close_only,TPEX,False,False,False,False,-0.05,5.0,100000.0,0.001425,0.28,0.0015,5.0,20.0,0.05,2023-01-01,2024-12-31,2025-01-01,2026-06-24,True,9998.431799999997,30,9998.431799999997,0.0040668285458222,0.0013133590928832,0.5,1.2390711584214311,-16608.2197,2.057717743494,270.0,327771245.03333336,2299326.1969904243,9300387.675,20,-22127.26765,-0.0141627030093078,-0.0110554076960147,0.5,0.2993951131885187,-23241.092349999995,-7.352985576909522,270.0,404350157.5,2128832.5694444445,13238622.1
75b6823eed4f1187,near_limit_8_9,1,50000000.0,5.0,0.9,0.02,0.01,close_only,TPEX,False,False,False,False,-0.05,5.0,100000.0,0.001425,0.28,0.0015,5.0,20.0,0.05,2023-01-01,2024-12-31,2025-01-01,2026-06-24,True,9998.431799999997,30,9998.431799999997,0.0040668285458222,0.0013133590928832,0.5,1.2390711584214311,-16608.2197,2.057717743494,270.0,327771245.03333336,2299326.1969904243,9300387.675,20,-22127.26765,-0.0141627030093078,-0.0110554076960147,0.5,0.2993951131885187,-23241.092349999995,-7.352985576909522,270.0,404350157.5,2128832.5694444445,13238622.1
b670be9e6cb8cad3,near_limit_8_9,1,50000000.0,5.0,0.9,0.02,0.015,close_only,TPEX,False,False,False,False,-0.05,5.0,100000.0,0.001425,0.28,0.0015,5.0,20.0,0.05,2023-01-01,2024-12-31,2025-01-01,2026-06-24,True,9998.431799999997,30,9998.431799999997,0.0040668285458222,0.0013133590928832,0.5,1.2390711584214311,-16608.2197,2.057717743494,270.0,327771245.03333336,2299326.1969904243,9300387.675,20,-22127.26765,-0.0141627030093078,-0.0110554076960147,0.5,0.2993951131885187,-23241.092349999995,-7.352985576909522,270.0,404350157.5,2128832.5694444445,13238622.1
7c06b987c170f056,near_limit_8_9,1,50000000.0,5.0,0.9,0.02,0.02,close_only,TPEX,False,False,False,False,-0.05,5.0,100000.0,0.001425,0.28,0.0015,5.0,20.0,0.05,2023-01-01,2024-12-31,2025-01-01,2026-06-24,True,9998.431799999997,30,9998.431799999997,0.0040668285458222,0.0013133590928832,0.5,1.2390711584214311,-16608.2197,2.057717743494,270.0,327771245.03333336,2299326.1969904243,9300387.675,20,-22127.26765,-0.0141627030093078,-0.0110554076960147,0.5,0.2993951131885187,-23241.092349999995,-7.352985576909522,270.0,404350157.5,2128832.5694444445,13238622.1
98308a535ab38c79,near_limit_8_9,1,50000000.0,5.0,0.9,0.02,0.03,close_only,TPEX,False,False,False,False,-0.05,5.0,100000.0,0.001425,0.28,0.0015,5.0,20.0,0.05,2023-01-01,2024-12-31,2025-01-01,2026-06-24,True,9998.431799999997,30,9998.431799999997,0.0040668285458222,0.0013133590928832,0.5,1.2390711584214311,-16608.2197,2.057717743494,270.0,327771245.03333336,2299326.1969904243,9300387.675,20,-22127.26765,-0.0141627030093078,-0.0110554076960147,0.5,0.2993951131885187,-23241.092349999995,-7.352985576909522,270.0,404350157.5,2128832.5694444445,13238622.1
76c41e9ee837498f,near_limit_8_9,1,50000000.0,5.0,0.9,0.03,0.01,close_only,TPEX,False,False,False,False,-0.05,5.0,100000.0,0.001425,0.28,0.0015,5.0,20.0,0.05,2023-01-01,2024-12-31,2025-01-01,2026-06-24,True,9998.431799999997,30,9998.431799999997,0.0040668285458222,0.0013133590928832,0.5,1.2390711584214311,-16608.2197,2.057717743494,270.0,327771245.03333336,2299326.1969904243,9300387.675,20,-22127.26765,-0.0141627030093078,-0.0110554076960147,0.5,0.2993951131885187,-23241.092349999995,-7.352985576909522,270.0,404350157.5,2128832.5694444445,13238622.1
2e98ebc481f777e8,near_limit_8_9,1,50000000.0,5.0,0.9,0.03,0.015,close_only,TPEX,False,False,False,False,-0.05,5.0,100000.0,0.001425,0.28,0.0015,5.0,20.0,0.05,2023-01-01,2024-12-31,2025-01-01,2026-06-24,True,9998.431799999997,30,9998.431799999997,0.0040668285458222,0.0013133590928832,0.5,1.2390711584214311,-16608.2197,2.057717743494,270.0,327771245.03333336,2299326.1969904243,9300387.675,20,-22127.26765,-0.0141627030093078,-0.0110554076960147,0.5,0.2993951131885187,-23241.092349999995,-7.352985576909522,270.0,404350157.5,2128832.5694444445,13238622.1
c20ddd6684411be4,near_limit_8_9,1,50000000.0,5.0,0.9,0.03,0.02,close_only,TPEX,False,False,False,False,-0.05,5.0,100000.0,0.001425,0.28,0.0015,5.0,20.0,0.05,2023-01-01,2024-12-31,2025-01-01,2026-06-24,True,9998.431799999997,30,9998.431799999997,0.0040668285458222,0.0013133590928832,0.5,1.2390711584214311,-16608.2197,2.057717743494,270.0,327771245.03333336,2299326.1969904243,9300387.675,20,-22127.26765,-0.0141627030093078,-0.0110554076960147,0.5,0.2993951131885187,-23241.092349999995,-7.352985576909522,270.0,404350157.5,2128832.5694444445,13238622.1
992b5238abc29810,near_limit_8_9,1,50000000.0,5.0,0.9,0.03,0.03,close_only,TPEX,False,False,False,False,-0.05,5.0,100000.0,0.001425,0.28,0.0015,5.0,20.0,0.05,2023-01-01,2024-12-31,2025-01-01,2026-06-24,True,9998.431799999997,30,9998.431799999997,0.0040668285458222,0.0013133590928832,0.5,1.2390711584214311,-16608.2197,2.057717743494,270.0,327771245.03333336,2299326.1969904243,9300387.675,20,-22127.26765,-0.0141627030093078,-0.0110554076960147,0.5,0.2993951131885187,-23241.092349999995,-7.352985576909522,270.0,404350157.5,2128832.5694444445,13238622.1
d9f24a696dc446ba,near_limit_8_9,1,50000000.0,5.0,0.9,0.04,0.01,close_only,TPEX,False,False,False,False,-0.05,5.0,100000.0,0.001425,0.28,0.0015,5.0,20.0,0.05,2023-01-01,2024-12-31,2025-01-01,2026-06-24,True,9998.431799999997,30,9998.431799999997,0.0040668285458222,0.0013133590928832,0.5,1.2390711584214311,-16608.2197,2.057717743494,270.0,327771245.03333336,2299326.1969904243,9300387.675,20,-22127.26765,-0.0141627030093078,-0.0110554076960147,0.5,0.2993951131885187,-23241.092349999995,-7.352985576909522,270.0,404350157.5,2128832.5694444445,13238622.1
a783164dee29701b,near_limit_8_9,1,50000000.0,5.0,0.9,0.04,0.015,close_only,TPEX,False,False,False,False,-0.05,5.0,100000.0,0.001425,0.28,0.0015,5.0,20.0,0.05,2023-01-01,2024-12-31,2025-01-01,2026-06-24,True,9998.431799999997,30,9998.431799999997,0.0040668285458222,0.0013133590928832,0.5,1.2390711584214311,-16608.2197,2.057717743494,270.0,327771245.03333336,2299326.1969904243,9300387.675,20,-22127.26765,-0.0141627030093078,-0.0110554076960147,0.5,0.2993951131885187,-23241.092349999995,-7.352985576909522,270.0,404350157.5,2128832.5694444445,13238622.1
960cebd7a2b0594a,near_limit_8_9,1,50000000.0,5.0,0.9,0.04,0.02,close_only,TPEX,False,False,False,False,-0.05,5.0,100000.0,0.001425,0.28,0.0015,5.0,20.0,0.05,2023-01-01,2024-12-31,2025-01-01,2026-06-24,True,9998.431799999997,30,9998.431799999997,0.0040668285458222,0.0013133590928832,0.5,1.2390711584214311,-16608.2197,2.057717743494,270.0,327771245.03333336,2299326.1969904243,9300387.675,20,-22127.26765,-0.0141627030093078,-0.0110554076960147,0.5,0.2993951131885187,-23241.092349999995,-7.352985576909522,270.0,404350157.5,2128832.5694444445,13238622.1
878ca688a93fe545,near_limit_8_9,1,50000000.0,5.0,0.9,0.04,0.03,close_only,TPEX,False,False,False,False,-0.05,5.0,100000.0,0.001425,0.28,0.0015,5.0,20.0,0.05,2023-01-01,2024-12-31,2025-01-01,2026-06-24,True,9998.431799999997,30,9998.431799999997,0.0040668285458222,0.0013133590928832,0.5,1.2390711584214311,-16608.2197,2.057717743494,270.0,327771245.03333336,2299326.1969904243,9300387.675,20,-22127.26765,-0.0141627030093078,-0.0110554076960147,0.5,0.2993951131885187,-23241.092349999995,-7.352985576909522,270.0,404350157.5,2128832.5694444445,13238622.1
c4e08f9a371134d7,near_limit_8_9+near_limit_9_10,2,50000000.0,5.0,0.9,0.015,0.01,close_only,TPEX,False,False,False,False,-0.05,5.0,100000.0,0.001425,0.28,0.0015,5.0,20.0,0.05,2023-01-01,2024-12-31,2025-01-01,2026-06-24,True,9810.590799999987,46,9810.590799999987,0.0031510883448883,-0.004741557002584,0.4565217391304347,1.1554903997560713,-21640.319000000007,1.4564473142146783,270.0,400089787.15217394,3627916.82626539,9300387.675,24,-37181.36204999999,-0.0196334720271807,-0.0143765301516591,0.4583333333333333,0.2775834289437267,-38295.18674999999,-6.444328641828204,270.0,385552383.875,2565509.236111111,12057098.4
139b9f8de44997c4,near_limit_8_9+near_limit_9_10,2,50000000.0,5.0,0.9,0.015,0.015,close_only,TPEX,False,False,False,False,-0.05,5.0,100000.0,0.001425,0.28,0.0015,5.0,20.0,0.05,2023-01-01,2024-12-31,2025-01-01,2026-06-24,True,9810.590799999987,46,9810.590799999987,0.0031510883448883,-0.004741557002584,0.4565217391304347,1.1554903997560713,-21640.319000000007,1.4564473142146783,270.0,400089787.15217394,3627916.82626539,9300387.675,24,-37181.36204999999,-0.0196334720271807,-0.0143765301516591,0.4583333333333333,0.2775834289437267,-38295.18674999999,-6.444328641828204,270.0,385552383.875,2565509.236111111,12057098.4
f3b130491db57e34,near_limit_8_9+near_limit_9_10,2,50000000.0,5.0,0.9,0.015,0.02,close_only,TPEX,False,False,False,False,-0.05,5.0,100000.0,0.001425,0.28,0.0015,5.0,20.0,0.05,2023-01-01,2024-12-31,2025-01-01,2026-06-24,True,9810.590799999987,46,9810.590799999987,0.0031510883448883,-0.004741557002584,0.4565217391304347,1.1554903997560713,-21640.319000000007,1.4564473142146783,270.0,400089787.15217394,3627916.82626539,9300387.675,24,-37181.36204999999,-0.0196334720271807,-0.0143765301516591,0.4583333333333333,0.2775834289437267,-38295.18674999999,-6.444328641828204,270.0,385552383.875,2565509.236111111,12057098.4
eacd81397e3d2358,near_limit_8_9+near_limit_9_10,2,50000000.0,5.0,0.9,0.015,0.03,close_only,TPEX,False,False,False,False,-0.05,5.0,100000.0,0.001425,0.28,0.0015,5.0,20.0,0.05,2023-01-01,2024-12-31,2025-01-01,2026-06-24,True,9810.590799999987,46,9810.590799999987,0.0031510883448883,-0.004741557002584,0.4565217391304347,1.1554903997560713,-21640.319000000007,1.4564473142146783,270.0,400089787.15217394,3627916.82626539,9300387.675,24,-37181.36204999999,-0.0196334720271807,-0.0143765301516591,0.4583333333333333,0.2775834289437267,-38295.18674999999,-6.444328641828204,270.0,385552383.875,2565509.236111111,12057098.4
1de7241962074bd4,near_limit_8_9+near_limit_9_10,2,50000000.0,5.0,0.9,0.02,0.01,close_only,TPEX,False,False,False,False,-0.05,5.0,100000.0,0.001425,0.28,0.0015,5.0,20.0,0.05,2023-01-01,2024-12-31,2025-01-01,2026-06-24,True,9810.590799999987,46,9810.590799999987,0.0031510883448883,-0.004741557002584,0.4565217391304347,1.1554903997560713,-21640.319000000007,1.4564473142146783,270.0,400089787.15217394,3627916.82626539,9300387.675,24,-37181.36204999999,-0.0196334720271807,-0.0143765301516591,0.4583333333333333,0.2775834289437267,-38295.18674999999,-6.444328641828204,270.0,385552383.875,2565509.236111111,12057098.4
d5996f9bd9cef20a,near_limit_8_9+near_limit_9_10,2,50000000.0,5.0,0.9,0.02,0.015,close_only,TPEX,False,False,False,False,-0.05,5.0,100000.0,0.001425,0.28,0.0015,5.0,20.0,0.05,2023-01-01,2024-12-31,2025-01-01,2026-06-24,True,9810.590799999987,46,9810.590799999987,0.0031510883448883,-0.004741557002584,0.4565217391304347,1.1554903997560713,-21640.319000000007,1.4564473142146783,270.0,400089787.15217394,3627916.82626539,9300387.675,24,-37181.36204999999,-0.0196334720271807,-0.0143765301516591,0.4583333333333333,0.2775834289437267,-38295.18674999999,-6.444328641828204,270.0,385552383.875,2565509.236111111,12057098.4
28a8fd2609685128,near_limit_8_9+near_limit_9_10,2,50000000.0,5.0,0.9,0.02,0.02,close_only,TPEX,False,False,False,False,-0.05,5.0,100000.0,0.001425,0.28,0.0015,5.0,20.0,0.05,2023-01-01,2024-12-31,2025-01-01,2026-06-24,True,9810.590799999987,46,9810.590799999987,0.0031510883448883,-0.004741557002584,0.4565217391304347,1.1554903997560713,-21640.319000000007,1.4564473142146783,270.0,400089787.15217394,3627916.82626539,9300387.675,24,-37181.36204999999,-0.0196334720271807,-0.0143765301516591,0.4583333333333333,0.2775834289437267,-38295.18674999999,-6.444328641828204,270.0,385552383.875,2565509.236111111,12057098.4
acb0cb0271a3a7c5,near_limit_8_9+near_limit_9_10,2,50000000.0,5.0,0.9,0.02,0.03,close_only,TPEX,False,False,False,False,-0.05,5.0,100000.0,0.001425,0.28,0.0015,5.0,20.0,0.05,2023-01-01,2024-12-31,2025-01-01,2026-06-24,True,9810.590799999987,46,9810.590799999987,0.0031510883448883,-0.004741557002584,0.4565217391304347,1.1554903997560713,-21640.319000000007,1.4564473142146783,270.0,400089787.15217394,3627916.82626539,9300387.675,24,-37181.36204999999,-0.0196334720271807,-0.0143765301516591,0.4583333333333333,0.2775834289437267,-38295.18674999999,-6.444328641828204,270.0,385552383.875,2565509.236111111,12057098.4
6c41681cb6390ae3,near_limit_8_9+near_limit_9_10,2,50000000.0,5.0,0.9,0.03,0.01,close_only,TPEX,False,False,False,False,-0.05,5.0,100000.0,0.001425,0.28,0.0015,5.0,20.0,0.05,2023-01-01,2024-12-31,2025-01-01,2026-06-24,True,9810.590799999987,46,9810.590799999987,0.0031510883448883,-0.004741557002584,0.4565217391304347,1.1554903997560713,-21640.319000000007,1.4564473142146783,270.0,400089787.15217394,3627916.82626539,9300387.675,24,-37181.36204999999,-0.0196334720271807,-0.0143765301516591,0.4583333333333333,0.2775834289437267,-38295.18674999999,-6.444328641828204,270.0,385552383.875,2565509.236111111,12057098.4
2e810c581963ccf7,near_limit_8_9+near_limit_9_10,2,50000000.0,5.0,0.9,0.03,0.015,close_only,TPEX,False,False,False,False,-0.05,5.0,100000.0,0.001425,0.28,0.0015,5.0,20.0,0.05,2023-01-01,2024-12-31,2025-01-01,2026-06-24,True,9810.590799999987,46,9810.590799999987,0.0031510883448883,-0.004741557002584,0.4565217391304347,1.1554903997560713,-21640.319000000007,1.4564473142146783,270.0,400089787.15217394,3627916.82626539,9300387.675,24,-37181.36204999999,-0.0196334720271807,-0.0143765301516591,0.4583333333333333,0.2775834289437267,-38295.18674999999,-6.444328641828204,270.0,385552383.875,2565509.236111111,12057098.4
3cd1ead77f45b691,near_limit_8_9+near_limit_9_10,2,50000000.0,5.0,0.9,0.03,0.02,close_only,TPEX,False,False,False,False,-0.05,5.0,100000.0,0.001425,0.28,0.0015,5.0,20.0,0.05,2023-01-01,2024-12-31,2025-01-01,2026-06-24,True,9810.590799999987,46,9810.590799999987,0.0031510883448883,-0.004741557002584,0.4565217391304347,1.1554903997560713,-21640.319000000007,1.4564473142146783,270.0,400089787.15217394,3627916.82626539,9300387.675,24,-37181.36204999999,-0.0196334720271807,-0.0143765301516591,0.4583333333333333,0.2775834289437267,-38295.18674999999,-6.444328641828204,270.0,385552383.875,2565509.236111111,12057098.4
5b70ec85fa8afd31,near_limit_8_9+near_limit_9_10,2,50000000.0,5.0,0.9,0.03,0.03,close_only,TPEX,False,False,False,False,-0.05,5.0,100000.0,0.001425,0.28,0.0015,5.0,20.0,0.05,2023-01-01,2024-12-31,2025-01-01,2026-06-24,True,9810.590799999987,46,9810.590799999987,0.0031510883448883,-0.004741557002584,0.4565217391304347,1.1554903997560713,-21640.319000000007,1.4564473142146783,270.0,400089787.15217394,3627916.82626539,9300387.675,24,-37181.36204999999,-0.0196334720271807,-0.0143765301516591,0.4583333333333333,0.2775834289437267,-38295.18674999999,-6.444328641828204,270.0,385552383.875,2565509.236111111,12057098.4
d4a37fb1c63a2a34,near_limit_8_9+near_limit_9_10,2,50000000.0,5.0,0.9,0.04,0.01,close_only,TPEX,False,False,False,False,-0.05,5.0,100000.0,0.001425,0.28,0.0015,5.0,20.0,0.05,2023-01-01,2024-12-31,2025-01-01,2026-06-24,True,9810.590799999987,46,9810.590799999987,0.0031510883448883,-0.004741557002584,0.4565217391304347,1.1554903997560713,-21640.319000000007,1.4564473142146783,270.0,400089787.15217394,3627916.82626539,9300387.675,24,-37181.36204999999,-0.0196334720271807,-0.0143765301516591,0.4583333333333333,0.2775834289437267,-38295.18674999999,-6.444328641828204,270.0,385552383.875,2565509.236111111,12057098.4
e93ce517ce58722c,near_limit_8_9+near_limit_9_10,2,50000000.0,5.0,0.9,0.04,0.015,close_only,TPEX,False,False,False,False,-0.05,5.0,100000.0,0.001425,0.28,0.0015,5.0,20.0,0.05,2023-01-01,2024-12-31,2025-01-01,2026-06-24,True,9810.590799999987,46,9810.590799999987,0.0031510883448883,-0.004741557002584,0.4565217391304347,1.1554903997560713,-21640.319000000007,1.4564473142146783,270.0,400089787.15217394,3627916.82626539,9300387.675,24,-37181.36204999999,-0.0196334720271807,-0.0143765301516591,0.4583333333333333,0.2775834289437267,-38295.18674999999,-6.444328641828204,270.0,385552383.875,2565509.236111111,12057098.4
de44aaf92db3f5ee,near_limit_8_9+near_limit_9_10,2,50000000.0,5.0,0.9,0.04,0.02,close_only,TPEX,False,False,False,False,-0.05,5.0,100000.0,0.001425,0.28,0.0015,5.0,20.0,0.05,2023-01-01,2024-12-31,2025-01-01,2026-06-24,True,9810.590799999987,46,9810.590799999987,0.0031510883448883,-0.004741557002584,0.4565217391304347,1.1554903997560713,-21640.319000000007,1.4564473142146783,270.0,400089787.15217394,3627916.82626539,9300387.675,24,-37181.36204999999,-0.0196334720271807,-0.0143765301516591,0.4583333333333333,0.2775834289437267,-38295.18674999999,-6.444328641828204,270.0,385552383.875,2565509.236111111,12057098.4
24e384c9883dcdec,near_limit_8_9+near_limit_9_10,2,50000000.0,5.0,0.9,0.04,0.03,close_only,TPEX,False,False,False,False,-0.05,5.0,100000.0,0.001425,0.28,0.0015,5.0,20.0,0.05,2023-01-01,2024-12-31,2025-01-01,2026-06-24,True,9810.590799999987,46,9810.590799999987,0.0031510883448883,-0.004741557002584,0.4565217391304347,1.1554903997560713,-21640.319000000007,1.4564473142146783,270.0,400089787.15217394,3627916.82626539,9300387.675,24,-37181.36204999999,-0.0196334720271807,-0.0143765301516591,0.4583333333333333,0.2775834289437267,-38295.18674999999,-6.444328641828204,270.0,385552383.875,2565509.236111111,12057098.4
8290026c74a1682e,near_limit_8_9,1,500000000.0,5.0,0.85,0.015,0.01,close_only,BOTH,False,False,False,False,-0.05,5.0,100000.0,0.001425,0.28,0.0015,5.0,20.0,0.05,2023-01-01,2024-12-31,2025-01-01,2026-06-24,True,9790.091649999984,28,9790.091649999984,0.0042207647606527,0.0069879842368319,0.5357142857142857,1.3946512545467,-17456.2059,1.471368868093418,270.0,1593418667.2142856,2286759.798221614,41668098.400000006,16,-16470.227199999972,-0.014602103747828,-0.0078485766843384,0.4375,0.3170103066491853,-16567.66989999997,-7.273743953353398,270.0,3833939064.3125,1734159.6527777778,108771234.6
3b3e963104c956db,near_limit_8_9,1,500000000.0,5.0,0.85,0.015,0.015,close_only,BOTH,False,False,False,False,-0.05,5.0,100000.0,0.001425,0.28,0.0015,5.0,20.0,0.05,2023-01-01,2024-12-31,2025-01-01,2026-06-24,True,9790.091649999984,28,9790.091649999984,0.0042207647606527,0.0069879842368319,0.5357142857142857,1.3946512545467,-17456.2059,1.471368868093418,270.0,1593418667.2142856,2286759.798221614,41668098.400000006,16,-16470.227199999972,-0.014602103747828,-0.0078485766843384,0.4375,0.3170103066491853,-16567.66989999997,-7.273743953353398,270.0,3833939064.3125,1734159.6527777778,108771234.6
c6c863f4a96dd67c,near_limit_8_9,1,500000000.0,5.0,0.85,0.015,0.02,close_only,BOTH,False,False,False,False,-0.05,5.0,100000.0,0.001425,0.28,0.0015,5.0,20.0,0.05,2023-01-01,2024-12-31,2025-01-01,2026-06-24,True,9790.091649999984,28,9790.091649999984,0.0042207647606527,0.0069879842368319,0.5357142857142857,1.3946512545467,-17456.2059,1.471368868093418,270.0,1593418667.2142856,2286759.798221614,41668098.400000006,16,-16470.227199999972,-0.014602103747828,-0.0078485766843384,0.4375,0.3170103066491853,-16567.66989999997,-7.273743953353398,270.0,3833939064.3125,1734159.6527777778,108771234.6
401e3bedfbfebcd1,near_limit_8_9,1,500000000.0,5.0,0.85,0.015,0.03,close_only,BOTH,False,False,False,False,-0.05,5.0,100000.0,0.001425,0.28,0.0015,5.0,20.0,0.05,2023-01-01,2024-12-31,2025-01-01,2026-06-24,True,9790.091649999984,28,9790.091649999984,0.0042207647606527,0.0069879842368319,0.5357142857142857,1.3946512545467,-17456.2059,1.471368868093418,270.0,1593418667.2142856,2286759.798221614,41668098.400000006,16,-16470.227199999972,-0.014602103747828,-0.0078485766843384,0.4375,0.3170103066491853,-16567.66989999997,-7.273743953353398,270.0,3833939064.3125,1734159.6527777778,108771234.6
5aa97575c12dccb2,near_limit_8_9,1,500000000.0,5.0,0.85,0.02,0.01,close_only,BOTH,False,False,False,False,-0.05,5.0,100000.0,0.001425,0.28,0.0015,5.0,20.0,0.05,2023-01-01,2024-12-31,2025-01-01,2026-06-24,True,9790.091649999984,28,9790.091649999984,0.0042207647606527,0.0069879842368319,0.5357142857142857,1.3946512545467,-17456.2059,1.471368868093418,270.0,1593418667.2142856,2286759.798221614,41668098.400000006,16,-16470.227199999972,-0.014602103747828,-0.0078485766843384,0.4375,0.3170103066491853,-16567.66989999997,-7.273743953353398,270.0,3833939064.3125,1734159.6527777778,108771234.6
f421173993e74999,near_limit_8_9,1,500000000.0,5.0,0.85,0.02,0.015,close_only,BOTH,False,False,False,False,-0.05,5.0,100000.0,0.001425,0.28,0.0015,5.0,20.0,0.05,2023-01-01,2024-12-31,2025-01-01,2026-06-24,True,9790.091649999984,28,9790.091649999984,0.0042207647606527,0.0069879842368319,0.5357142857142857,1.3946512545467,-17456.2059,1.471368868093418,270.0,1593418667.2142856,2286759.798221614,41668098.400000006,16,-16470.227199999972,-0.014602103747828,-0.0078485766843384,0.4375,0.3170103066491853,-16567.66989999997,-7.273743953353398,270.0,3833939064.3125,1734159.6527777778,108771234.6
0aeccccb5dd71439,near_limit_8_9,1,500000000.0,5.0,0.85,0.02,0.02,close_only,BOTH,False,False,False,False,-0.05,5.0,100000.0,0.001425,0.28,0.0015,5.0,20.0,0.05,2023-01-01,2024-12-31,2025-01-01,2026-06-24,True,9790.091649999984,28,9790.091649999984,0.0042207647606527,0.0069879842368319,0.5357142857142857,1.3946512545467,-17456.2059,1.471368868093418,270.0,1593418667.2142856,2286759.798221614,41668098.400000006,16,-16470.227199999972,-0.014602103747828,-0.0078485766843384,0.4375,0.3170103066491853,-16567.66989999997,-7.273743953353398,270.0,3833939064.3125,1734159.6527777778,108771234.6
34a7623e77bf96dd,near_limit_8_9,1,500000000.0,5.0,0.85,0.02,0.03,close_only,BOTH,False,False,False,False,-0.05,5.0,100000.0,0.001425,0.28,0.0015,5.0,20.0,0.05,2023-01-01,2024-12-31,2025-01-01,2026-06-24,True,9790.091649999984,28,9790.091649999984,0.0042207647606527,0.0069879842368319,0.5357142857142857,1.3946512545467,-17456.2059,1.471368868093418,270.0,1593418667.2142856,2286759.798221614,41668098.400000006,16,-16470.227199999972,-0.014602103747828,-0.0078485766843384,0.4375,0.3170103066491853,-16567.66989999997,-7.273743953353398,270.0,3833939064.3125,1734159.6527777778,108771234.6
6b29f150e66f5645,near_limit_8_9,1,500000000.0,5.0,0.85,0.03,0.01,close_only,BOTH,False,False,False,False,-0.05,5.0,100000.0,0.001425,0.28,0.0015,5.0,20.0,0.05,2023-01-01,2024-12-31,2025-01-01,2026-06-24,True,9790.091649999984,28,9790.091649999984,0.0042207647606527,0.0069879842368319,0.5357142857142857,1.3946512545467,-17456.2059,1.471368868093418,270.0,1593418667.2142856,2286759.798221614,41668098.400000006,16,-16470.227199999972,-0.014602103747828,-0.0078485766843384,0.4375,0.3170103066491853,-16567.66989999997,-7.273743953353398,270.0,3833939064.3125,1734159.6527777778,108771234.6
c6fb8307ebfa5127,near_limit_8_9,1,500000000.0,5.0,0.85,0.03,0.015,close_only,BOTH,False,False,False,False,-0.05,5.0,100000.0,0.001425,0.28,0.0015,5.0,20.0,0.05,2023-01-01,2024-12-31,2025-01-01,2026-06-24,True,9790.091649999984,28,9790.091649999984,0.0042207647606527,0.0069879842368319,0.5357142857142857,1.3946512545467,-17456.2059,1.471368868093418,270.0,1593418667.2142856,2286759.798221614,41668098.400000006,16,-16470.227199999972,-0.014602103747828,-0.0078485766843384,0.4375,0.3170103066491853,-16567.66989999997,-7.273743953353398,270.0,3833939064.3125,1734159.6527777778,108771234.6
13830f656e6ee3f4,near_limit_8_9,1,500000000.0,5.0,0.85,0.03,0.02,close_only,BOTH,False,False,False,False,-0.05,5.0,100000.0,0.001425,0.28,0.0015,5.0,20.0,0.05,2023-01-01,2024-12-31,2025-01-01,2026-06-24,True,9790.091649999984,28,9790.091649999984,0.0042207647606527,0.0069879842368319,0.5357142857142857,1.3946512545467,-17456.2059,1.471368868093418,270.0,1593418667.2142856,2286759.798221614,41668098.400000006,16,-16470.227199999972,-0.014602103747828,-0.0078485766843384,0.4375,0.3170103066491853,-16567.66989999997,-7.273743953353398,270.0,3833939064.3125,1734159.6527777778,108771234.6
eb6cf8e05a8ae50f,near_limit_8_9,1,500000000.0,5.0,0.85,0.03,0.03,close_only,BOTH,False,False,False,False,-0.05,5.0,100000.0,0.001425,0.28,0.0015,5.0,20.0,0.05,2023-01-01,2024-12-31,2025-01-01,2026-06-24,True,9790.091649999984,28,9790.091649999984,0.0042207647606527,0.0069879842368319,0.5357142857142857,1.3946512545467,-17456.2059,1.471368868093418,270.0,1593418667.2142856,2286759.798221614,41668098.400000006,16,-16470.227199999972,-0.014602103747828,-0.0078485766843384,0.4375,0.3170103066491853,-16567.66989999997,-7.273743953353398,270.0,3833939064.3125,1734159.6527777778,108771234.6
ddf905b25155efc0,near_limit_8_9,1,500000000.0,5.0,0.85,0.04,0.01,close_only,BOTH,False,False,False,False,-0.05,5.0,100000.0,0.001425,0.28,0.0015,5.0,20.0,0.05,2023-01-01,2024-12-31,2025-01-01,2026-06-24,True,9790.091649999984,28,9790.091649999984,0.0042207647606527,0.0069879842368319,0.5357142857142857,1.3946512545467,-17456.2059,1.471368868093418,270.0,1593418667.2142856,2286759.798221614,41668098.400000006,16,-16470.227199999972,-0.014602103747828,-0.0078485766843384,0.4375,0.3170103066491853,-16567.66989999997,-7.273743953353398,270.0,3833939064.3125,1734159.6527777778,108771234.6
e9ff4d065a039b23,near_limit_8_9,1,500000000.0,5.0,0.85,0.04,0.015,close_only,BOTH,False,False,False,False,-0.05,5.0,100000.0,0.001425,0.28,0.0015,5.0,20.0,0.05,2023-01-01,2024-12-31,2025-01-01,2026-06-24,True,9790.091649999984,28,9790.091649999984,0.0042207647606527,0.0069879842368319,0.5357142857142857,1.3946512545467,-17456.2059,1.471368868093418,270.0,1593418667.2142856,2286759.798221614,41668098.400000006,16,-16470.227199999972,-0.014602103747828,-0.0078485766843384,0.4375,0.3170103066491853,-16567.66989999997,-7.273743953353398,270.0,3833939064.3125,1734159.6527777778,108771234.6
d071244c42f5a011,near_limit_8_9,1,500000000.0,5.0,0.85,0.04,0.02,close_only,BOTH,False,False,False,False,-0.05,5.0,100000.0,0.001425,0.28,0.0015,5.0,20.0,0.05,2023-01-01,2024-12-31,2025-01-01,2026-06-24,True,9790.091649999984,28,9790.091649999984,0.0042207647606527,0.0069879842368319,0.5357142857142857,1.3946512545467,-17456.2059,1.471368868093418,270.0,1593418667.2142856,2286759.798221614,41668098.400000006,16,-16470.227199999972,-0.014602103747828,-0.0078485766843384,0.4375,0.3170103066491853,-16567.66989999997,-7.273743953353398,270.0,3833939064.3125,1734159.6527777778,108771234.6
49f64ab4403a5730,near_limit_8_9,1,500000000.0,5.0,0.85,0.04,0.03,close_only,BOTH,False,False,False,False,-0.05,5.0,100000.0,0.001425,0.28,0.0015,5.0,20.0,0.05,2023-01-01,2024-12-31,2025-01-01,2026-06-24,True,9790.091649999984,28,9790.091649999984,0.0042207647606527,0.0069879842368319,0.5357142857142857,1.3946512545467,-17456.2059,1.471368868093418,270.0,1593418667.2142856,2286759.798221614,41668098.400000006,16,-16470.227199999972,-0.014602103747828,-0.0078485766843384,0.4375,0.3170103066491853,-16567.66989999997,-7.273743953353398,270.0,3833939064.3125,1734159.6527777778,108771234.6
fdbda700444bba2c,near_limit_8_9,1,200000000.0,5.0,0.8,0.015,0.01,close_only,TWSE,False,False,False,False,-0.05,5.0,100000.0,0.001425,0.28,0.0015,5.0,20.0,0.05,2023-01-01,2024-12-31,2025-01-01,2026-06-24,True,9346.296159999984,34,9346.296159999984,0.0029516221054179,-0.0049606683333333,0.4705882352941176,1.3748308710503363,-17639.5308,0.6416288496431796,270.0,1327224876.5,2890501.559507524,30314424.275,17,-14207.583799999971,-0.0121042542461408,-0.0073532886178861,0.4117647058823529,0.3700877894480527,-15756.38829999997,-6.338576618000615,270.0,3309948065.7058825,1871737.1527777775,88368020.10000001
d3cd611753d8fa8e,near_limit_8_9,1,200000000.0,5.0,0.8,0.015,0.015,close_only,TWSE,False,False,False,False,-0.05,5.0,100000.0,0.001425,0.28,0.0015,5.0,20.0,0.05,2023-01-01,2024-12-31,2025-01-01,2026-06-24,True,9346.296159999984,34,9346.296159999984,0.0029516221054179,-0.0049606683333333,0.4705882352941176,1.3748308710503363,-17639.5308,0.6416288496431796,270.0,1327224876.5,2890501.559507524,30314424.275,17,-14207.583799999971,-0.0121042542461408,-0.0073532886178861,0.4117647058823529,0.3700877894480527,-15756.38829999997,-6.338576618000615,270.0,3309948065.7058825,1871737.1527777775,88368020.10000001
9ead10d6825f78b4,near_limit_8_9,1,200000000.0,5.0,0.8,0.015,0.02,close_only,TWSE,False,False,False,False,-0.05,5.0,100000.0,0.001425,0.28,0.0015,5.0,20.0,0.05,2023-01-01,2024-12-31,2025-01-01,2026-06-24,True,9346.296159999984,34,9346.296159999984,0.0029516221054179,-0.0049606683333333,0.4705882352941176,1.3748308710503363,-17639.5308,0.6416288496431796,270.0,1327224876.5,2890501.559507524,30314424.275,17,-14207.583799999971,-0.0121042542461408,-0.0073532886178861,0.4117647058823529,0.3700877894480527,-15756.38829999997,-6.338576618000615,270.0,3309948065.7058825,1871737.1527777775,88368020.10000001
fe4ce9b075b2934c,near_limit_8_9,1,200000000.0,5.0,0.8,0.015,0.03,close_only,TWSE,False,False,False,False,-0.05,5.0,100000.0,0.001425,0.28,0.0015,5.0,20.0,0.05,2023-01-01,2024-12-31,2025-01-01,2026-06-24,True,9346.296159999984,34,9346.296159999984,0.0029516221054179,-0.0049606683333333,0.4705882352941176,1.3748308710503363,-17639.5308,0.6416288496431796,270.0,1327224876.5,2890501.559507524,30314424.275,17,-14207.583799999971,-0.0121042542461408,-0.0073532886178861,0.4117647058823529,0.3700877894480527,-15756.38829999997,-6.338576618000615,270.0,3309948065.7058825,1871737.1527777775,88368020.10000001
