window_id,train_start,train_end,test_start,test_end,selected_rank,config_hash,score,train_rank_eligible,event_types,event_type_count,min_turnover_twd,min_volume_ratio_20d,min_close_location,take_profit_pct,stop_loss_pct,path_assumption,market,require_foreign_not_selling_heavily,require_investment_trust_buying,avoid_margin_overcrowded,prefer_short_balance_rising_before_limit_up,foreign_heavy_sell_threshold,margin_crowding_threshold,fixed_notional_twd,commission_rate,commission_discount,sell_tax_rate,slippage_bps_per_side,minimum_commission_twd,capacity_participation_rate,train_trades,train_net_pnl,train_avg_net_return,train_median_net_return,train_win_rate,train_profit_factor,train_max_drawdown,train_daily_sharpe,train_avg_holding_minutes,train_avg_liquidity_twd,train_annualized_turnover_twd,train_capacity_proxy_twd,oos_trades,oos_net_pnl,oos_avg_net_return,oos_median_net_return,oos_win_rate,oos_profit_factor,oos_max_drawdown,oos_daily_sharpe,oos_avg_holding_minutes,oos_avg_liquidity_twd,oos_annualized_turnover_twd,oos_capacity_proxy_twd
WF001,2023-01-01,2023-12-31,2024-01-01,2024-03-31,1,c82e9c96361be785,-9031.261837751113,True,touched_limit_not_closed,1,200000000.0,2.0,0.85,0.03,0.02,pessimistic,TPEX,False,False,False,False,-0.05,5.0,100000.0,0.001425,0.28,0.0015,5.0,20.0,0.05,36,-14618.477218500037,-0.004377041848717679,-0.02325002,0.3333333333333333,0.6225603806723274,-18062.47115100004,-2.6722216746859084,270.0,726072785.75,5767329.021575343,18291505.35,14,-16041.691733000009,-0.012809337370180527,-0.02325002,0.21428571428571427,0.2385756858025879,-16878.297008000016,-11.518992690789467,270.0,612813412.5714285,8806406.282967033,22626045.325000003
WF001,2023-01-01,2023-12-31,2024-01-01,2024-03-31,2,08357751d37bd0c3,-9163.4661884893,True,near_limit_8_9+near_limit_9_10,2,200000000.0,3.0,0.85,0.03,0.02,pessimistic,TPEX,False,False,False,False,-0.05,5.0,100000.0,0.001425,0.28,0.0015,5.0,20.0,0.05,25,-17621.588428999963,-0.01056859786349301,-0.02325002,0.24,0.4191978998963822,-18326.826690999966,-8.06035213316474,270.0,457639016.2,3695088.15,18917078.3,6,-7146.365541000014,-0.014936678333333363,-0.02325002,0.16666666666666666,0.24162275722015833,-9423.233106000014,-11.644022711347763,270.0,808400258.1666666,3917643.4038461535,25045879.925
WF001,2023-01-01,2023-12-31,2024-01-01,2024-03-31,3,1bd18df37f30fffe,-9232.204381475896,True,near_limit_9_10,1,100000000.0,3.0,0.8,0.03,0.02,pessimistic,BOTH,False,False,False,False,-0.05,5.0,100000.0,0.001425,0.28,0.0015,5.0,20.0,0.05,20,-17124.829396500016,-0.008766331407407417,-0.02325002,0.3,0.4151803021893705,-18464.33035450003,-5.488816031834881,270.0,854759956.15,3481386.379109589,13546521.675,5,-6024.414700000029,-0.013274010000000069,-0.02325002,0.2,0.23111457608726593,-7835.25674000003,-6.861553420995669,270.0,341627730.4,3232261.813186813,11271841.75
WF001,2023-01-01,2023-12-31,2024-01-01,2024-03-31,4,054289ae6e90583a,-9232.204381475896,True,near_limit_9_10,1,100000000.0,3.0,0.85,0.03,0.02,pessimistic,BOTH,False,False,False,False,-0.05,5.0,100000.0,0.001425,0.28,0.0015,5.0,20.0,0.05,20,-17124.829396500016,-0.008766331407407417,-0.02325002,0.3,0.4151803021893705,-18464.33035450003,-5.488816031834881,270.0,854759956.15,3481386.379109589,13546521.675,5,-6024.414700000029,-0.013274010000000069,-0.02325002,0.2,0.23111457608726593,-7835.25674000003,-6.861553420995669,270.0,341627730.4,3232261.813186813,11271841.75
WF001,2023-01-01,2023-12-31,2024-01-01,2024-03-31,5,5615b3b367004925,-9537.117141482018,True,near_limit_8_9,1,200000000.0,3.0,0.85,0.03,0.02,pessimistic,TPEX,False,False,False,False,-0.05,5.0,100000.0,0.001425,0.28,0.0015,5.0,20.0,0.05,20,-16613.50872499998,-0.012386247329366273,-0.02325002,0.2,0.3345196235798404,-19074.12349699998,-9.019500153165433,270.0,480492731.5,2903850.5773972603,22036421.950000003,5,-5221.263885,-0.01327401,-0.02325002,0.2,0.30365799535296223,-7498.131450000001,-9.446273875226122,270.0,924992942.8,3259615.4258241756,28390276.700000003
WF002,2023-01-01,2024-03-31,2024-04-01,2024-06-30,1,a7c0babd69843eb6,-11982.731759696922,True,near_limit_9_10,1,100000000.0,2.0,0.8,0.03,0.02,pessimistic,TWSE,False,False,False,False,-0.05,5.0,100000.0,0.001425,0.28,0.0015,5.0,20.0,0.05,20,-23965.350169500023,-0.012672903390600707,-0.02325002,0.2,0.24531497459156879,-23965.35016950003,-9.617919703370704,270.0,908197043.95,2821901.0748355263,16330289.075000001,3,-5340.529594000007,-0.023250020000000038,-0.02325002,0.0,0.0,-5340.529594000007,-5583545212862599.0,270.0,160474377.66666666,1825471.335164835,7067871.800000001
WF002,2023-01-01,2024-03-31,2024-04-01,2024-06-30,2,2e07b7c52cc76831,-11982.731759696922,True,near_limit_9_10,1,100000000.0,2.0,0.85,0.03,0.02,pessimistic,TWSE,False,False,False,False,-0.05,5.0,100000.0,0.001425,0.28,0.0015,5.0,20.0,0.05,20,-23965.350169500023,-0.012672903390600707,-0.02325002,0.2,0.24531497459156879,-23965.35016950003,-9.617919703370704,270.0,908197043.95,2821901.0748355263,16330289.075000001,3,-5340.529594000007,-0.023250020000000038,-0.02325002,0.0,0.0,-5340.529594000007,-5583545212862599.0,270.0,160474377.66666666,1825471.335164835,7067871.800000001
WF002,2023-01-01,2024-03-31,2024-04-01,2024-06-30,3,1bd18df37f30fffe,-13047.877477585658,True,near_limit_9_10,1,100000000.0,3.0,0.8,0.03,0.02,pessimistic,BOTH,False,False,False,False,-0.05,5.0,100000.0,0.001425,0.28,0.0015,5.0,20.0,0.05,25,-23149.244096500042,-0.009667867125925947,-0.02325002,0.28,0.3763252489798058,-26095.658276500057,-5.883103489435389,270.0,752133511.0,3431670.7310855263,12897322.200000001,6,-3443.647875000007,-0.006623336666666685,-0.023250019999999996,0.3333333333333333,0.542435095189717,-5340.529594000007,-4.0819328406672675,270.0,1081788805.8333333,3821578.64010989,11592729.700000001
WF002,2023-01-01,2024-03-31,2024-04-01,2024-06-30,4,054289ae6e90583a,-13047.877477585658,True,near_limit_9_10,1,100000000.0,3.0,0.85,0.03,0.02,pessimistic,BOTH,False,False,False,False,-0.05,5.0,100000.0,0.001425,0.28,0.0015,5.0,20.0,0.05,25,-23149.244096500042,-0.009667867125925947,-0.02325002,0.28,0.3763252489798058,-26095.658276500057,-5.883103489435389,270.0,752133511.0,3431670.7310855263,12897322.200000001,6,-3443.647875000007,-0.006623336666666685,-0.023250019999999996,0.3333333333333333,0.542435095189717,-5340.529594000007,-4.0819328406672675,270.0,1081788805.8333333,3821578.64010989,11592729.700000001
WF002,2023-01-01,2024-03-31,2024-04-01,2024-06-30,5,5615b3b367004925,-13286.190292499306,True,near_limit_8_9,1,200000000.0,3.0,0.85,0.03,0.02,pessimistic,TPEX,False,False,False,False,-0.05,5.0,100000.0,0.001425,0.28,0.0015,5.0,20.0,0.05,25,-21834.772609999978,-0.012563799863493017,-0.02325002,0.2,0.3273913284275631,-26572.25494699998,-9.328422789313995,270.0,569392773.76,2974847.5098684207,25155765.6,5,3233.741430000029,0.006678010000000079,0.02663003,0.6,2.0943000256471933,-1725.1514839999854,9.012954445391964,270.0,815205279.8,2903657.2252747254,14221115.3
WF003,2023-01-01,2024-06-30,2024-07-01,2024-09-30,1,22927992ebd6f1eb,-10506.977492410933,True,near_limit_9_10,1,200000000.0,3.0,0.8,0.03,0.02,pessimistic,BOTH,False,False,False,False,-0.05,5.0,100000.0,0.001425,0.28,0.0015,5.0,20.0,0.05,21,-17981.418652500044,-0.00899857714285717,-0.02325002,0.2857142857142857,0.40908184187020835,-21013.87251150006,-4.996998385705978,270.0,1136396844.952381,2364007.1743601463,18606019.900000002,1,2603.0854325000146,0.026630030000000148,0.026630030000000148,1.0,inf,0.0,0.0,270.0,311795569.0,787798.5937500001,15589778.450000001
WF003,2023-01-01,2024-06-30,2024-07-01,2024-09-30,2,012ca57979738299,-10506.977492410933,True,near_limit_9_10,1,200000000.0,3.0,0.85,0.03,0.02,pessimistic,BOTH,False,False,False,False,-0.05,5.0,100000.0,0.001425,0.28,0.0015,5.0,20.0,0.05,21,-17981.418652500044,-0.00899857714285717,-0.02325002,0.2857142857142857,0.40908184187020835,-21013.87251150006,-4.996998385705978,270.0,1136396844.952381,2364007.1743601463,18606019.900000002,1,2603.0854325000146,0.026630030000000148,0.026630030000000148,1.0,inf,0.0,0.0,270.0,311795569.0,787798.5937500001,15589778.450000001
WF003,2023-01-01,2024-06-30,2024-07-01,2024-09-30,3,08357751d37bd0c3,-11309.764830808568,True,near_limit_8_9+near_limit_9_10,2,200000000.0,3.0,0.85,0.03,0.02,pessimistic,TPEX,False,False,False,False,-0.05,5.0,100000.0,0.001425,0.28,0.0015,5.0,20.0,0.05,39,-19637.33082099995,-0.007447049399674999,-0.02325002,0.3076923076923077,0.5626809835135259,-22619.436647999948,-5.01489212329527,270.0,676325975.7692307,3932525.2225776967,19812396.900000002,6,-10819.396807000016,-0.023250020000000027,-0.023250020000000003,0.0,0.0,-10819.396807000016,-9224387300924304.0,270.0,548976422.1666666,3658030.361413044,26178544.275000002
WF003,2023-01-01,2024-06-30,2024-07-01,2024-09-30,4,5615b3b367004925,-11669.308007977057,True,near_limit_8_9,1,200000000.0,3.0,0.85,0.03,0.02,pessimistic,TPEX,False,False,False,False,-0.05,5.0,100000.0,0.001425,0.28,0.0015,5.0,20.0,0.05,30,-18601.031179999947,-0.009356831552910835,-0.02325002,0.26666666666666666,0.47481263032849524,-23338.51351699995,-5.827987714396413,270.0,610361524.7666667,2963004.1535648997,23428624.375,6,-10819.396807000016,-0.023250020000000027,-0.023250020000000003,0.0,0.0,-10819.396807000016,-9224387300924304.0,270.0,548976422.1666666,3658030.361413044,26178544.275000002
WF003,2023-01-01,2024-06-30,2024-07-01,2024-09-30,5,fe08a7982f9da8e8,-12339.476307341207,True,near_limit_8_9+near_limit_9_10,2,200000000.0,3.0,0.8,0.03,0.02,pessimistic,TPEX,False,False,False,False,-0.05,5.0,100000.0,0.001425,0.28,0.0015,5.0,20.0,0.05,42,-21696.751025499965,-0.007388212775888694,-0.02325002,0.30952380952380953,0.5580425176653545,-24678.856852499965,-5.30546367870937,270.0,676902243.3333334,4279075.691270567,20756940.025000002,8,-11001.511453000016,-0.017015013750000023,-0.02325002,0.125,0.14841558307920863,-12918.873613000016,-11.644022711347754,270.0,593901543.75,4948133.0625,26178544.275000002
WF004,2023-01-01,2024-09-30,2024-10-01,2024-12-31,1,22927992ebd6f1eb,-9205.428150523503,True,near_limit_9_10,1,200000000.0,3.0,0.8,0.03,0.02,pessimistic,BOTH,False,False,False,False,-0.05,5.0,100000.0,0.001425,0.28,0.0015,5.0,20.0,0.05,22,-15378.33322000003,-0.007379095000000017,-0.02325002,0.3181818181818182,0.49462628521776014,-18410.787079000045,-3.7668058223464387,270.0,1098914968.7727273,2137072.6056338027,17462500.75,4,-1050.9615870000146,0.001690004999999964,0.0016900049999999996,0.5,0.7448342646386641,-2733.9794830000146,-0.04946395328408908,270.0,2003913072.5,2320977.1548913047,57884955.775000006
WF004,2023-01-01,2024-09-30,2024-10-01,2024-12-31,2,012ca57979738299,-9205.428150523503,True,near_limit_9_10,1,200000000.0,3.0,0.85,0.03,0.02,pessimistic,BOTH,False,False,False,False,-0.05,5.0,100000.0,0.001425,0.28,0.0015,5.0,20.0,0.05,22,-15378.33322000003,-0.007379095000000017,-0.02325002,0.3181818181818182,0.49462628521776014,-18410.787079000045,-3.7668058223464387,270.0,1098914968.7727273,2137072.6056338027,17462500.75,4,-1050.9615870000146,0.001690004999999964,0.0016900049999999996,0.5,0.7448342646386641,-2733.9794830000146,-0.04946395328408908,270.0,2003913072.5,2320977.1548913047,57884955.775000006
WF004,2023-01-01,2024-09-30,2024-10-01,2024-12-31,3,1bd18df37f30fffe,-13409.984488456523,True,near_limit_9_10,1,100000000.0,3.0,0.8,0.03,0.02,pessimistic,BOTH,False,False,False,False,-0.05,5.0,100000.0,0.001425,0.28,0.0015,5.0,20.0,0.05,33,-26166.008411000035,-0.008425960246913593,-0.02325002,0.30303030303030304,0.44113283749224,-26819.872170000053,-5.087880189657676,270.0,779298644.5454545,3212478.9237089204,12836393.100000001,5,-2847.0256320000144,-0.003298000000000028,-0.02325002,0.4,0.5186611241381269,-4530.043528000015,-3.9556843996765068,270.0,1632614637.4,2928225.1304347827,22408014.05
WF004,2023-01-01,2024-09-30,2024-10-01,2024-12-31,4,054289ae6e90583a,-13409.984488456523,True,near_limit_9_10,1,100000000.0,3.0,0.85,0.03,0.02,pessimistic,BOTH,False,False,False,False,-0.05,5.0,100000.0,0.001425,0.28,0.0015,5.0,20.0,0.05,33,-26166.008411000035,-0.008425960246913593,-0.02325002,0.30303030303030304,0.44113283749224,-26819.872170000053,-5.087880189657676,270.0,779298644.5454545,3212478.9237089204,12836393.100000001,5,-2847.0256320000144,-0.003298000000000028,-0.02325002,0.4,0.5186611241381269,-4530.043528000015,-3.9556843996765068,270.0,1632614637.4,2928225.1304347827,22408014.05
WF004,2023-01-01,2024-09-30,2024-10-01,2024-12-31,5,2c79079698d74541,-14697.38635786044,True,near_limit_9_10,1,200000000.0,2.0,0.8,0.03,0.02,pessimistic,BOTH,False,False,False,False,-0.05,5.0,100000.0,0.001425,0.28,0.0015,5.0,20.0,0.05,30,-24000.13411100003,-0.009227730303211707,-0.02325002,0.26666666666666666,0.4204757411505003,-29394.671631000045,-5.950211812047814,270.0,942781714.9666667,2869737.2406103285,17473808.225,5,-3213.2134470000137,-0.003298000000000028,-0.02325002,0.4,0.4884226910262428,-4896.231343000014,-3.9556843996765068,270.0,2078360260.4,3052032.970108696,93361897.5
WF005,2023-01-01,2024-12-31,2025-01-01,2025-03-31,1,204d99bae0f52d4d,-7466.681798140891,True,near_limit_9_10,1,100000000.0,2.0,0.8,0.03,0.02,pessimistic,TPEX,False,False,False,False,-0.05,5.0,100000.0,0.001425,0.28,0.0015,5.0,20.0,0.05,20,-14933.289484000015,-0.008286005000000008,-0.02325002,0.3,0.4580733476979291,-14933.289484000015,-5.6088101050982315,270.0,520668747.5,1653326.3597811218,12219425.25,2,-3441.002960000007,-0.023250020000000066,-0.023250020000000066,0.0,0.0,-3441.002960000007,-4064602350488082.5,270.0,486838912.0,1189254.0,24341945.6
WF005,2023-01-01,2024-12-31,2025-01-01,2025-03-31,2,1aa0aa9ce9dc1062,-7466.681798140891,True,near_limit_9_10,1,100000000.0,2.0,0.85,0.03,0.02,pessimistic,TPEX,False,False,False,False,-0.05,5.0,100000.0,0.001425,0.28,0.0015,5.0,20.0,0.05,20,-14933.289484000015,-0.008286005000000008,-0.02325002,0.3,0.4580733476979291,-14933.289484000015,-5.6088101050982315,270.0,520668747.5,1653326.3597811218,12219425.25,2,-3441.002960000007,-0.023250020000000066,-0.023250020000000066,0.0,0.0,-3441.002960000007,-4064602350488082.5,270.0,486838912.0,1189254.0,24341945.6
WF005,2023-01-01,2024-12-31,2025-01-01,2025-03-31,3,22927992ebd6f1eb,-8803.229046762062,True,near_limit_9_10,1,200000000.0,3.0,0.8,0.03,0.02,pessimistic,BOTH,False,False,False,False,-0.05,5.0,100000.0,0.001425,0.28,0.0015,5.0,20.0,0.05,26,-16429.294807000042,-0.005983848846153866,-0.02325002,0.34615384615384615,0.5244552455154909,-17606.397070000057,-3.3385734439961126,270.0,1238145446.2692308,2160217.9114227085,19209208.400000002,2,-4305.903704,-0.02325002,-0.02325002,0.0,0.0,-4305.903704,0.0,270.0,1646223094.5,1488174.6,82311154.72500001
WF005,2023-01-01,2024-12-31,2025-01-01,2025-03-31,4,012ca57979738299,-8803.229046762062,True,near_limit_9_10,1,200000000.0,3.0,0.85,0.03,0.02,pessimistic,BOTH,False,False,False,False,-0.05,5.0,100000.0,0.001425,0.28,0.0015,5.0,20.0,0.05,26,-16429.294807000042,-0.005983848846153866,-0.02325002,0.34615384615384615,0.5244552455154909,-17606.397070000057,-3.3385734439961126,270.0,1238145446.2692308,2160217.9114227085,19209208.400000002,2,-4305.903704,-0.02325002,-0.02325002,0.0,0.0,-4305.903704,0.0,270.0,1646223094.5,1488174.6,82311154.72500001
WF005,2023-01-01,2024-12-31,2025-01-01,2025-03-31,5,28ba61d1785bd9cf,-10134.08738239219,True,near_limit_9_10,1,100000000.0,3.0,0.8,0.03,0.02,pessimistic,TWSE,False,False,False,False,-0.05,5.0,100000.0,0.001425,0.28,0.0015,5.0,20.0,0.05,22,-17665.016014000037,-0.007815755370370393,-0.02325002,0.3181818181818182,0.43246686727747924,-20268.10144650005,-5.479408889398103,270.0,1114139264.5,1866415.5082079344,15180771.275,1,-2166.901864,-0.02325002,-0.02325002,0.0,0.0,-2166.901864,0.0,270.0,2445421570.0,748908.6000000001,122271078.5
WF006,2023-01-01,2025-03-31,2025-04-01,2025-06-30,1,204d99bae0f52d4d,-9187.191467485885,True,near_limit_9_10,1,100000000.0,2.0,0.8,0.03,0.02,pessimistic,TPEX,False,False,False,False,-0.05,5.0,100000.0,0.001425,0.28,0.0015,5.0,20.0,0.05,22,-18374.29244400002,-0.009646370000000013,-0.02325002,0.2727272727272727,0.4072221209807872,-18374.292444000024,-6.734768584411534,270.0,517593307.90909094,1602453.628501827,12219425.25,2,-4071.078502,-0.02325002,-0.02325002,0.0,0.0,-4071.078502,0.0,270.0,154736583.5,1391554.3351648352,7736829.175000001
WF006,2023-01-01,2025-03-31,2025-04-01,2025-06-30,2,1aa0aa9ce9dc1062,-9187.191467485885,True,near_limit_9_10,1,100000000.0,2.0,0.85,0.03,0.02,pessimistic,TPEX,False,False,False,False,-0.05,5.0,100000.0,0.001425,0.28,0.0015,5.0,20.0,0.05,22,-18374.29244400002,-0.009646370000000013,-0.02325002,0.2727272727272727,0.4072221209807872,-18374.292444000024,-6.734768584411534,270.0,517593307.90909094,1602453.628501827,12219425.25,2,-4071.078502,-0.02325002,-0.02325002,0.0,0.0,-4071.078502,0.0,270.0,154736583.5,1391554.3351648352,7736829.175000001
WF006,2023-01-01,2025-03-31,2025-04-01,2025-06-30,3,22927992ebd6f1eb,-10367.63744505116,True,near_limit_9_10,1,200000000.0,3.0,0.8,0.03,0.02,pessimistic,BOTH,False,False,False,False,-0.05,5.0,100000.0,0.001425,0.28,0.0015,5.0,20.0,0.05,28,-20735.19851100004,-0.007217146785714305,-0.02325002,0.32142857142857145,0.46633412444947725,-20735.19851100004,-4.388854646838754,270.0,1267293849.7142856,2086546.9028623628,21110205.475,1,2575.123901,0.02663003,0.02663003,1.0,inf,0.0,0.0,270.0,788586845.0,787900.4423076923,39429342.25
WF006,2023-01-01,2025-03-31,2025-04-01,2025-06-30,4,012ca57979738299,-10367.63744505116,True,near_limit_9_10,1,200000000.0,3.0,0.85,0.03,0.02,pessimistic,BOTH,False,False,False,False,-0.05,5.0,100000.0,0.001425,0.28,0.0015,5.0,20.0,0.05,28,-20735.19851100004,-0.007217146785714305,-0.02325002,0.32142857142857145,0.46633412444947725,-20735.19851100004,-4.388854646838754,270.0,1267293849.7142856,2086546.9028623628,21110205.475,1,2575.123901,0.02663003,0.02663003,1.0,inf,0.0,0.0,270.0,788586845.0,787900.4423076923,39429342.25
WF006,2023-01-01,2025-03-31,2025-04-01,2025-06-30,5,28ba61d1785bd9cf,-11217.542356562653,True,near_limit_9_10,1,100000000.0,3.0,0.8,0.03,0.02,pessimistic,TWSE,False,False,False,False,-0.05,5.0,100000.0,0.001425,0.28,0.0015,5.0,20.0,0.05,23,-19831.91787800004,-0.008486810354267335,-0.02325002,0.30434782608695654,0.40431929785797355,-22435.003310500048,-6.082327887089916,270.0,1172021103.8695652,1743911.7058465285,15589778.450000001,2,709.309796,0.0016900049999999996,0.0016900049999999996,0.5,1.3801610214539568,-1865.814105,0.7606351267011433,270.0,486468271.0,1425663.065934066,24323413.55
WF007,2023-01-01,2025-06-30,2025-07-01,2025-09-30,1,22927992ebd6f1eb,-9080.06988526196,True,near_limit_9_10,1,200000000.0,3.0,0.8,0.03,0.02,pessimistic,BOTH,False,False,False,False,-0.05,5.0,100000.0,0.001425,0.28,0.0015,5.0,20.0,0.05,29,-18160.074610000043,-0.006050002758620708,-0.02325002,0.3448275862068966,0.5326105939295837,-18160.074610000043,-3.4664172498319936,270.0,1250786711.6206896,1956967.0476973683,22408014.05,3,-5219.629489999986,-0.023250019999999937,-0.02325002,0.0,0.0,-5219.629489999986,-3260547390309481.0,270.0,456974421.3333333,1764753.016304348,19873272.0
WF007,2023-01-01,2025-06-30,2025-07-01,2025-09-30,2,012ca57979738299,-9080.06988526196,True,near_limit_9_10,1,200000000.0,3.0,0.85,0.03,0.02,pessimistic,BOTH,False,False,False,False,-0.05,5.0,100000.0,0.001425,0.28,0.0015,5.0,20.0,0.05,29,-18160.074610000043,-0.006050002758620708,-0.02325002,0.3448275862068966,0.5326105939295837,-18160.074610000043,-3.4664172498319936,270.0,1250786711.6206896,1956967.0476973683,22408014.05,3,-5219.629489999986,-0.023250019999999937,-0.02325002,0.0,0.0,-5219.629489999986,-3260547390309481.0,270.0,456974421.3333333,1764753.016304348,19873272.0
WF007,2023-01-01,2025-06-30,2025-07-01,2025-09-30,3,28ba61d1785bd9cf,-10862.885120575655,True,near_limit_9_10,1,100000000.0,3.0,0.8,0.03,0.02,pessimistic,TWSE,False,False,False,False,-0.05,5.0,100000.0,0.001425,0.28,0.0015,5.0,20.0,0.05,25,-19122.608082000035,-0.0076726651259259445,-0.02325002,0.32,0.45610563453207587,-21725.69351450005,-5.340367996964275,270.0,1117176877.24,1712156.633223684,15589778.450000001,3,-5115.0044,-0.02325002,-0.02325002,0.0,0.0,-5115.0044,-1.5044520400000333e+17,270.0,445862306.3333333,1729379.3478260871,19873272.0
WF007,2023-01-01,2025-06-30,2025-07-01,2025-09-30,4,d3d2c7b9ddd218d9,-10862.885120575655,True,near_limit_9_10,1,100000000.0,3.0,0.85,0.03,0.02,pessimistic,TWSE,False,False,False,False,-0.05,5.0,100000.0,0.001425,0.28,0.0015,5.0,20.0,0.05,25,-19122.608082000035,-0.0076726651259259445,-0.02325002,0.32,0.45610563453207587,-21725.69351450005,-5.340367996964275,270.0,1117176877.24,1712156.633223684,15589778.450000001,3,-5115.0044,-0.02325002,-0.02325002,0.0,0.0,-5115.0044,-1.5044520400000333e+17,270.0,445862306.3333333,1729379.3478260871,19873272.0
WF007,2023-01-01,2025-06-30,2025-07-01,2025-09-30,5,204d99bae0f52d4d,-11222.73828403561,True,near_limit_9_10,1,100000000.0,2.0,0.8,0.03,0.02,pessimistic,TPEX,False,False,False,False,-0.05,5.0,100000.0,0.001425,0.28,0.0015,5.0,20.0,0.05,24,-22445.370946000025,-0.01078000750000001,-0.02325002,0.25,0.3599473126643145,-22445.370946000025,-7.756219916339078,270.0,487355247.5416667,1581409.9490131577,11530086.8,5,2635.7815440000145,0.006678010000000042,0.026630029999999832,0.6,1.6532229940026608,-2284.314465,3.880251075322552,270.0,189016577.0,3383104.304347826,9643169.8
WF008,2023-01-01,2025-09-30,2025-10-01,2025-12-31,1,63e119adb52ac9a3,-9600.742030890913,True,near_limit_9_10,1,200000000.0,3.0,0.8,0.03,0.02,pessimistic,TWSE,False,False,False,False,-0.05,5.0,100000.0,0.001425,0.28,0.0015,5.0,20.0,0.05,20,-16598.32451700005,-0.008286005000000027,-0.02325002,0.3,0.4245247537574624,-19201.40994950006,-5.792136622713813,270.0,1403813780.3,1233149.1192729082,28382458.200000003,1,-2011.12673,-0.02325002,-0.02325002,0.0,0.0,-2011.12673,0.0,270.0,608796223.0,679960.5163043479,30439811.150000002
WF008,2023-01-01,2025-09-30,2025-10-01,2025-12-31,2,feeab83f74a20ab0,-9600.742030890913,True,near_limit_9_10,1,200000000.0,3.0,0.85,0.03,0.02,pessimistic,TWSE,False,False,False,False,-0.05,5.0,100000.0,0.001425,0.28,0.0015,5.0,20.0,0.05,20,-16598.32451700005,-0.008286005000000027,-0.02325002,0.3,0.4245247537574624,-19201.40994950006,-5.792136622713813,270.0,1403813780.3,1233149.1192729082,28382458.200000003,1,-2011.12673,-0.02325002,-0.02325002,0.0,0.0,-2011.12673,0.0,270.0,608796223.0,679960.5163043479,30439811.150000002
WF008,2023-01-01,2025-09-30,2025-10-01,2025-12-31,3,9808688add15a049,-9759.375247985865,True,near_limit_9_10,1,100000000.0,3.0,0.8,0.03,0.02,pessimistic,TPEX,False,False,False,False,-0.05,5.0,100000.0,0.001425,0.28,0.0015,5.0,20.0,0.05,22,-19518.660004999983,-0.009646369999999991,-0.02325002,0.2727272727272727,0.38724022034297456,-19518.660004999983,-6.73476858441152,270.0,502767824.5,1328940.6611055776,10796172.950000001,0,0.0,0.0,0.0,0.0,0.0,0.0,0.0,0.0,0.0,0.0,0.0
WF008,2023-01-01,2025-09-30,2025-10-01,2025-12-31,4,e012d159445e8148,-9759.375247985865,True,near_limit_9_10,1,100000000.0,3.0,0.85,0.03,0.02,pessimistic,TPEX,False,False,False,False,-0.05,5.0,100000.0,0.001425,0.28,0.0015,5.0,20.0,0.05,22,-19518.660004999983,-0.009646369999999991,-0.02325002,0.2727272727272727,0.38724022034297456,-19518.660004999983,-6.73476858441152,270.0,502767824.5,1328940.6611055776,10796172.950000001,0,0.0,0.0,0.0,0.0,0.0,0.0,0.0,0.0,0.0,0.0,0.0
WF008,2023-01-01,2025-09-30,2025-10-01,2025-12-31,5,204d99bae0f52d4d,-9904.836543754695,True,near_limit_9_10,1,100000000.0,2.0,0.8,0.03,0.02,pessimistic,TPEX,False,False,False,False,-0.05,5.0,100000.0,0.001425,0.28,0.0015,5.0,20.0,0.05,29,-19809.589402000005,-0.007770004482758624,-0.02325002,0.3103448275862069,0.4934003521721596,-19809.589402000005,-5.252141543542527,270.0,435917545.7241379,1746505.4477091632,10320504.15,1,-2109.939315,-0.02325002,-0.02325002,0.0,0.0,-2109.939315,0.0,270.0,177354279.0,713368.980978261,8867713.950000001
WF009,2023-01-01,2025-12-31,2026-01-01,2026-03-31,1,9808688add15a049,-9759.375247985865,True,near_limit_9_10,1,100000000.0,3.0,0.8,0.03,0.02,pessimistic,TPEX,False,False,False,False,-0.05,5.0,100000.0,0.001425,0.28,0.0015,5.0,20.0,0.05,22,-19518.660004999983,-0.009646369999999991,-0.02325002,0.2727272727272727,0.38724022034297456,-19518.660004999983,-6.73476858441152,270.0,502767824.5,1217387.2479470803,10796172.950000001,0,0.0,0.0,0.0,0.0,0.0,0.0,0.0,0.0,0.0,0.0,0.0
WF009,2023-01-01,2025-12-31,2026-01-01,2026-03-31,2,e012d159445e8148,-9759.375247985865,True,near_limit_9_10,1,100000000.0,3.0,0.85,0.03,0.02,pessimistic,TPEX,False,False,False,False,-0.05,5.0,100000.0,0.001425,0.28,0.0015,5.0,20.0,0.05,22,-19518.660004999983,-0.009646369999999991,-0.02325002,0.2727272727272727,0.38724022034297456,-19518.660004999983,-6.73476858441152,270.0,502767824.5,1217387.2479470803,10796172.950000001,0,0.0,0.0,0.0,0.0,0.0,0.0,0.0,0.0,0.0,0.0,0.0
WF009,2023-01-01,2025-12-31,2026-01-01,2026-03-31,3,63e119adb52ac9a3,-10606.309576410933,True,near_limit_9_10,1,200000000.0,3.0,0.8,0.03,0.02,pessimistic,TWSE,False,False,False,False,-0.05,5.0,100000.0,0.001425,0.28,0.0015,5.0,20.0,0.05,21,-18609.451247000045,-0.00899857714285717,-0.02325002,0.2857142857142857,0.39685330867248414,-21212.53667950006,-6.447661032231001,270.0,1365955801.3809524,1186713.5796076641,28494869.950000003,1,-2043.6767579999855,-0.023250019999999837,-0.023250019999999837,0.0,0.0,-2043.6767579999855,0.0,270.0,247094286.0,706320.4500000001,12354714.3
WF009,2023-01-01,2025-12-31,2026-01-01,2026-03-31,4,feeab83f74a20ab0,-10606.309576410933,True,near_limit_9_10,1,200000000.0,3.0,0.85,0.03,0.02,pessimistic,TWSE,False,False,False,False,-0.05,5.0,100000.0,0.001425,0.28,0.0015,5.0,20.0,0.05,21,-18609.451247000045,-0.00899857714285717,-0.02325002,0.2857142857142857,0.39685330867248414,-21212.53667950006,-6.447661032231001,270.0,1365955801.3809524,1186713.5796076641,28494869.950000003,1,-2043.6767579999855,-0.023250019999999837,-0.023250019999999837,0.0,0.0,-2043.6767579999855,0.0,270.0,247094286.0,706320.4500000001,12354714.3
WF009,2023-01-01,2025-12-31,2026-01-01,2026-03-31,5,204d99bae0f52d4d,-10959.809742818505,True,near_limit_9_10,1,100000000.0,2.0,0.8,0.03,0.02,pessimistic,TPEX,False,False,False,False,-0.05,5.0,100000.0,0.001425,0.28,0.0015,5.0,20.0,0.05,30,-21919.52871700001,-0.008286005000000004,-0.02325002,0.3,0.468140235981466,-21919.52871700001,-5.6577962762666845,270.0,427298770.1666667,1659782.313640511,10048657.625,1,-1939.051668,-0.02325002,-0.02325002,0.0,0.0,-1939.051668,0.0,270.0,177508024.0,670160.7000000001,8875401.200000001
WF010,2023-01-01,2026-03-31,2026-04-01,2026-06-24,1,9808688add15a049,-9759.375247985865,True,near_limit_9_10,1,100000000.0,3.0,0.8,0.03,0.02,pessimistic,TPEX,False,False,False,False,-0.05,5.0,100000.0,0.001425,0.28,0.0015,5.0,20.0,0.05,22,-19518.660004999983,-0.009646369999999991,-0.02325002,0.2727272727272727,0.38724022034297456,-19518.660004999983,-6.73476858441152,270.0,502767824.5,1125005.4163153458,10796172.950000001,1,-1641.4514120000144,-0.023250020000000204,-0.023250020000000204,0.0,0.0,-1641.4514120000144,0.0,270.0,255492413.0,600677.2588235295,12774620.65
WF010,2023-01-01,2026-03-31,2026-04-01,2026-06-24,2,e012d159445e8148,-9759.375247985865,True,near_limit_9_10,1,100000000.0,3.0,0.85,0.03,0.02,pessimistic,TPEX,False,False,False,False,-0.05,5.0,100000.0,0.001425,0.28,0.0015,5.0,20.0,0.05,22,-19518.660004999983,-0.009646369999999991,-0.02325002,0.2727272727272727,0.38724022034297456,-19518.660004999983,-6.73476858441152,270.0,502767824.5,1125005.4163153458,10796172.950000001,1,-1641.4514120000144,-0.023250020000000204,-0.023250020000000204,0.0,0.0,-1641.4514120000144,0.0,270.0,255492413.0,600677.2588235295,12774620.65
WF010,2023-01-01,2026-03-31,2026-04-01,2026-06-24,3,63e119adb52ac9a3,-11628.151964235894,True,near_limit_9_10,1,200000000.0,3.0,0.8,0.03,0.02,pessimistic,TWSE,False,False,False,False,-0.05,5.0,100000.0,0.001425,0.28,0.0015,5.0,20.0,0.05,22,-20653.128005000028,-0.009646370000000017,-0.02325002,0.2727272727272727,0.3721998538985973,-23256.213437500042,-7.066025806617509,270.0,1315098459.7727273,1150258.7889966273,28382458.200000003,4,-3541.299682,-0.009869390783378746,-0.021428786566757493,0.25,0.3581401921662571,-3541.299682,-6.4226948998850215,270.0,1245455483.25,2765234.7,17624063.25
WF010,2023-01-01,2026-03-31,2026-04-01,2026-06-24,4,feeab83f74a20ab0,-11628.151964235894,True,near_limit_9_10,1,200000000.0,3.0,0.85,0.03,0.02,pessimistic,TWSE,False,False,False,False,-0.05,5.0,100000.0,0.001425,0.28,0.0015,5.0,20.0,0.05,22,-20653.128005000028,-0.009646370000000017,-0.02325002,0.2727272727272727,0.3721998538985973,-23256.213437500042,-7.066025806617509,270.0,1315098459.7727273,1150258.7889966273,28382458.200000003,4,-3541.299682,-0.009869390783378746,-0.021428786566757493,0.25,0.3581401921662571,-3541.299682,-6.4226948998850215,270.0,1245455483.25,2765234.7,17624063.25
WF010,2023-01-01,2026-03-31,2026-04-01,2026-06-24,5,204d99bae0f52d4d,-11929.339014639787,True,near_limit_9_10,1,100000000.0,2.0,0.8,0.03,0.02,pessimistic,TPEX,False,False,False,False,-0.05,5.0,100000.0,0.001425,0.28,0.0015,5.0,20.0,0.05,31,-23858.58038500001,-0.008768715161290326,-0.02325002,0.2903225806451613,0.44710419304997123,-23858.58038500001,-6.048089820696521,270.0,419241004.16129035,1584684.5520657673,9776811.1,1,-1641.4514120000144,-0.023250020000000204,-0.023250020000000204,0.0,0.0,-1641.4514120000144,0.0,270.0,255492413.0,600677.2588235295,12774620.65
